"","X","Rk","School","G","TeamW","TeamL","W.L.","SRS","SOS","ConfW","ConfL","HomeW","HomeL","AwayW","AwayL","Tm.","Opp.","FTr","X3PAr","TS.","TRB.","AST.","BLK.","eFG.","TOV.","FT.FGA","FG","FGA","FG.","X3P","X3PA","X3P.","FT","FTA","FT.","ORB","TRB","AST","STL","BLK","TOV","PF","year"
"25",25,25,"Birmingham-Southern",27,20,7,0.741,-3.27,-9.79,12,4,12,1,7,5,1998,1760,0.402,0.4,0.594,54.4,62.6,6,0.568,20.3,0.28,680,1412,0.482,243,565,0.43,395,568,0.695,NA,963,426,205,87,428,520,2003
"45",45,45,"Centenary (LA)",28,16,12,0.571,-2.43,-2.39,10,6,13,0,3,10,1966,1905,0.433,0.282,0.565,49.9,51.6,6,0.525,19.4,0.311,684,1444,0.474,149,407,0.366,449,625,0.718,NA,852,353,247,85,420,616,2003
"127",127,127,"Fort Wayne",28,3,25,0.107,-10.58,1,NA,NA,3,7,0,16,1736,2028,0.334,0.335,0.502,50.3,57.1,5.7,0.473,20.1,0.218,630,1492,0.422,151,500,0.302,325,498,0.653,294,941,360,152,89,435,514,2003
"192",192,192,"New Orleans",31,17,14,0.548,-2.36,-0.53,9,6,9,3,4,9,2160,2195,0.388,0.286,0.5,49.3,47.8,6.2,0.467,15.7,0.249,760,1825,0.416,185,522,0.354,455,709,0.642,412,1158,363,202,112,404,579,2003
"351",351,25,"Birmingham-Southern",30,16,14,0.533,-7.24,-8.24,7,9,7,4,6,9,1974,1893,0.459,0.401,0.56,52.3,52,4.4,0.517,18.5,0.331,644,1446,0.445,207,580,0.357,479,664,0.721,NA,996,335,157,66,400,587,2004
"371",371,45,"Centenary (LA)",27,3,24,0.111,-16.77,-1.84,1,15,2,9,1,14,1734,2103,0.365,0.345,0.521,44.9,51.2,3.2,0.482,21.4,0.26,594,1417,0.419,178,489,0.364,368,517,0.712,NA,795,304,166,47,453,595,2004
"453",453,127,"Fort Wayne",29,7,22,0.241,-11.58,-1.78,NA,NA,6,5,0,16,1789,2046,0.326,0.365,0.5,49.3,53.1,6.7,0.472,20.3,0.21,637,1550,0.411,190,565,0.336,325,505,0.644,335,957,338,176,106,455,512,2004
"518",518,192,"New Orleans",30,13,17,0.433,-3.21,0.1,7,8,9,3,3,10,2001,2078,0.359,0.27,0.499,49.7,54.9,4.1,0.47,15.9,0.228,730,1714,0.426,150,463,0.324,391,615,0.636,399,1069,401,184,68,380,560,2004
"677",677,25,"Birmingham-Southern",28,19,9,0.679,-5.81,-8.12,12,4,11,2,6,7,1922,1794,0.427,0.409,0.567,53.4,56,3.6,0.537,17.1,0.291,650,1408,0.462,212,576,0.368,410,601,0.682,NA,928,364,177,50,349,508,2005
"691",691,39,"UC-Davis",28,8,20,0.286,NA,NA,NA,NA,5,8,2,11,1843,2052,0.381,0.327,0.526,44.6,53.6,3.4,0.487,18.2,0.269,636,1484,0.429,172,486,0.354,399,566,0.705,257,792,341,189,49,391,572,2005
"698",698,46,"Centenary (LA)",27,4,23,0.148,-15.59,-3.78,2,14,3,10,1,13,1796,2092,0.335,0.317,0.53,47.1,62.7,4.5,0.496,22,0.237,641,1462,0.438,167,463,0.361,347,490,0.708,NA,871,402,176,70,479,532,2005
"780",780,128,"Purdue-Fort Wayne",28,10,18,0.357,-11.33,-0.07,NA,NA,6,5,4,13,1786,1940,0.266,0.364,0.513,46,49.1,3.8,0.483,17.6,0.189,646,1546,0.418,202,563,0.359,292,412,0.709,260,865,317,189,58,371,480,2005
"788",788,136,"Kennesaw State",29,12,17,0.414,NA,NA,10,10,6,6,5,9,2039,2189,0.359,0.399,0.506,44.8,54.1,4.4,0.469,16.5,0.248,701,1720,0.408,211,686,0.308,426,617,0.69,363,902,379,270,70,398,535,2005
"799",799,147,"Longwood",30,10,20,0.333,NA,NA,NA,NA,8,4,1,13,2194,2357,0.383,0.283,0.512,50.1,58.6,5,0.477,18.7,0.256,782,1814,0.431,165,513,0.322,465,694,0.67,405,1116,458,223,89,494,598,2005
"847",847,195,"New Orleans",29,10,19,0.345,-6.42,0.21,6,9,6,3,1,13,1912,2039,0.349,0.315,0.514,48.3,57.7,5,0.485,18.8,0.228,685,1596,0.429,178,502,0.355,364,557,0.654,330,964,395,196,80,430,515,2005
"850",850,198,"NJIT",27,8,19,0.296,NA,NA,NA,NA,0,0,0,0,1801,1937,0.373,0.349,0.524,NA,43.4,NA,0.493,NA,0.248,638,1460,0.437,163,509,0.32,362,544,0.665,NA,897,277,187,59,NA,NA,2005
"858",858,206,"North Dakota State",28,16,12,0.571,NA,NA,NA,NA,12,1,2,11,2027,1857,0.411,0.291,0.564,55.7,56.8,6.9,0.524,19.9,0.301,699,1503,0.465,176,438,0.402,453,618,0.733,355,1048,397,169,107,447,512,2005
"859",859,207,"North Florida",28,6,22,0.214,NA,NA,3,17,6,7,0,14,1945,2119,0.363,0.285,0.532,49.1,53.5,4.3,0.493,20,0.262,692,1560,0.444,153,444,0.345,408,567,0.72,332,945,370,176,71,458,511,2005
"863",863,211,"Northern Colorado",29,5,24,0.172,NA,NA,NA,NA,5,7,0,14,1913,2132,0.369,0.293,0.529,52,65.2,4.5,0.499,21.7,0.246,686,1539,0.446,163,451,0.361,378,568,0.665,361,985,447,152,72,501,595,2005
"917",917,265,"South Dakota State",29,9,20,0.31,NA,NA,NA,NA,6,5,2,14,1836,2151,0.34,0.282,0.489,50.7,52.8,3.6,0.451,22.2,0.234,651,1617,0.403,156,456,0.342,378,549,0.689,383,1036,344,194,60,536,523,2005
"958",958,306,"Utah Valley",29,16,13,0.552,NA,NA,NA,NA,12,2,4,9,1923,1854,0.368,0.295,0.536,48.1,59.4,5.2,0.501,15.9,0.259,689,1526,0.452,150,450,0.333,395,562,0.703,275,887,409,200,77,338,537,2005
"1025",1025,38,"UC-Davis",31,9,22,0.29,-15.02,-2.68,2,14,8,7,1,15,1962,2215,0.341,0.421,0.559,44.4,60.5,4.7,0.517,21.4,0.266,668,1510,0.442,225,636,0.354,401,515,0.779,216,819,404,188,79,477,530,2007
"1032",1032,45,"Centenary (LA)",31,10,21,0.323,-10.86,-1.71,4,14,6,6,3,14,2164,2395,0.376,0.328,0.536,45.7,54.2,5.1,0.497,19.2,0.27,745,1712,0.435,212,562,0.377,462,644,0.717,NA,954,404,235,88,479,669,2007
"1114",1114,127,"Fort Wayne",31,13,18,0.419,-5.25,0.96,9,9,10,3,2,14,2135,2171,0.38,0.34,0.558,46.4,56.4,6.5,0.52,18.1,0.278,740,1620,0.457,204,551,0.37,451,615,0.733,203,938,417,176,113,424,561,2007
"1132",1132,145,"Longwood",31,9,22,0.29,-18.73,-4.92,NA,NA,7,5,2,15,2120,2394,0.301,0.378,0.5,48.8,63.3,4,0.47,19.4,0.203,743,1855,0.401,258,702,0.368,376,558,0.674,423,1091,470,247,70,509,598,2007
"1180",1180,193,"New Orleans",32,19,13,0.594,-3.06,-3.56,8,10,8,7,9,5,2352,2287,0.367,0.277,0.542,48.3,45.9,3.3,0.503,15.1,0.268,838,1847,0.454,181,511,0.354,495,677,0.731,328,1040,385,232,58,387,641,2007
"1193",1193,206,"Northern Colorado",29,13,16,0.448,-7.05,-4.71,6,10,9,4,3,12,2004,2037,0.415,0.336,0.532,52.8,54,3,0.49,21.5,0.294,681,1574,0.433,179,529,0.338,463,653,0.709,356,1033,368,209,46,516,582,2007
"1353",1353,38,"UC-Davis",32,13,19,0.406,-4.13,-3.4,7,9,5,8,6,9,2338,2372,0.379,0.392,0.576,48.2,62.8,4.4,0.532,18.3,0.295,793,1720,0.461,244,674,0.362,508,652,0.779,259,1009,498,196,70,456,618,2008
"1360",1360,45,"Centenary (LA)",31,8,23,0.258,-8.46,-1.56,6,12,4,5,2,15,1993,2207,0.319,0.391,0.503,43.4,53.6,5.7,0.47,17.7,0.217,694,1722,0.403,232,673,0.345,373,549,0.679,NA,924,372,276,82,425,680,2008
"1442",1442,127,"Fort Wayne",30,13,17,0.433,-5.42,-0.64,8,10,8,5,5,11,1970,2055,0.36,0.305,0.537,47.2,47.9,6.6,0.497,17.4,0.264,681,1566,0.435,195,477,0.409,413,563,0.734,259,909,326,146,96,386,554,2008
"1460",1460,145,"Longwood",31,17,14,0.548,-12.38,-6.51,NA,NA,13,2,3,11,2400,2349,0.311,0.365,0.519,45.7,58.1,5.1,0.49,16.4,0.211,864,2015,0.429,246,736,0.334,426,626,0.681,393,1077,502,310,84,452,679,2008
"1508",1508,193,"New Orleans",30,11,19,0.367,-9.79,-4.08,6,12,9,6,2,13,1863,2000,0.408,0.234,0.507,48.4,43.5,3.7,0.47,19.6,0.269,672,1540,0.436,105,361,0.291,414,628,0.659,288,952,292,187,53,449,540,2008
"1518",1518,203,"North Dakota State",33,26,7,0.788,6.18,-2.72,16,2,12,1,10,4,2659,2279,0.374,0.299,0.583,53.1,51.5,6.3,0.549,14,0.276,943,1936,0.487,238,578,0.412,535,724,0.739,363,1171,486,230,108,370,539,2008
"1522",1522,207,"Northern Colorado",32,14,18,0.438,-4.57,-3.64,8,8,10,4,3,13,2259,2266,0.448,0.344,0.569,51.4,52.9,3.6,0.527,19.9,0.324,751,1638,0.458,226,563,0.401,531,734,0.723,309,1032,397,219,53,494,627,2008
"1576",1576,261,"South Dakota State",33,13,20,0.394,-5.83,-1.45,7,11,10,3,1,15,2280,2346,0.343,0.346,0.534,50.9,48.1,3,0.5,16.6,0.241,810,1837,0.441,218,636,0.343,442,631,0.7,387,1130,390,151,50,426,601,2008
"1683",1683,38,"UC-Davis",32,14,18,0.438,-6.23,-3.01,8,8,8,5,4,11,2225,2262,0.429,0.346,0.544,48.6,59.4,8,0.504,19.1,0.302,751,1700,0.442,210,589,0.357,513,729,0.704,296,1015,446,247,90,482,641,2009
"1690",1690,45,"Centenary (LA)",29,8,21,0.276,-17.16,-5.08,3,15,5,9,3,11,2056,2320,0.382,0.391,0.529,43.9,56,5.8,0.485,18.5,0.28,684,1645,0.416,227,644,0.352,461,629,0.733,274,874,383,231,65,442,617,2009
"1772",1772,127,"Fort Wayne",31,16,15,0.516,-9.42,-4.73,9,9,10,4,5,10,2129,2112,0.332,0.326,0.514,49.3,50.3,11.6,0.479,16.1,0.231,747,1790,0.417,221,583,0.379,414,595,0.696,335,1103,376,183,145,398,592,2009
"1780",1780,135,"Kennesaw State",33,13,20,0.394,-10.08,-3.69,7,13,8,6,3,12,2182,2314,0.29,0.372,0.498,48.5,53.2,9.3,0.469,18,0.197,784,1924,0.407,235,715,0.329,379,557,0.68,450,1166,417,218,121,480,529,2009
"1791",1791,146,"Longwood",31,12,19,0.387,-14.69,-3.74,NA,NA,9,3,3,14,2297,2437,0.282,0.322,0.516,47.9,61,5.2,0.493,17.6,0.184,859,1963,0.438,217,632,0.343,362,554,0.653,388,1091,524,221,69,475,652,2009
"1839",1839,194,"New Orleans",30,8,22,0.267,-13.5,-4.5,3,15,6,7,2,11,1778,1986,0.42,0.338,0.504,49.2,54.1,5.8,0.46,21.3,0.288,593,1471,0.403,168,497,0.338,424,618,0.686,279,951,321,189,61,478,607,2009
"1842",1842,197,"NJIT",31,10,21,0.323,-19.59,-8.24,4,8,8,5,1,15,1905,2070,0.332,0.355,0.468,47.6,56.5,8.7,0.434,18.5,0.216,665,1757,0.378,196,624,0.314,379,584,0.649,344,1064,376,229,96,461,615,2009
"1850",1850,205,"North Dakota State",29,11,18,0.379,-8.53,-5.76,8,10,6,8,5,9,2047,2087,0.35,0.248,0.514,51,55.9,7.7,0.472,16.1,0.255,734,1707,0.43,144,423,0.34,435,597,0.729,320,1073,410,151,94,382,553,2009
"1851",1851,206,"North Florida",31,13,18,0.419,-9.53,-2.11,8,12,5,7,5,10,1830,2019,0.393,0.338,0.504,46.7,58.9,8.3,0.474,20.9,0.248,637,1530,0.416,177,517,0.342,379,602,0.63,300,978,375,184,96,481,624,2009
"1855",1855,210,"Northern Colorado",33,25,8,0.758,2.06,-4.26,12,4,13,2,9,4,2426,2202,0.471,0.372,0.566,50.6,49.1,7,0.517,16.3,0.351,780,1751,0.445,252,651,0.387,614,824,0.745,331,1096,383,239,78,416,658,2009
"1909",1909,264,"South Dakota State",30,14,16,0.467,-6.05,-5.05,10,8,9,5,5,7,2227,2197,0.45,0.336,0.537,50.1,48.7,5.4,0.484,14.9,0.335,721,1710,0.422,212,574,0.369,573,769,0.745,363,1061,351,166,67,364,554,2009
"1950",1950,305,"Utah Valley",30,12,18,0.4,-16.18,-9.25,5,7,11,4,0,12,1906,1954,0.363,0.319,0.516,49.8,55.7,5.9,0.469,17.9,0.272,650,1575,0.413,178,502,0.355,428,572,0.748,288,994,362,184,64,403,531,2009
"2011",2011,32,"Bryant",30,9,21,0.3,-12.98,-3.12,7,11,5,8,3,12,2001,2258,0.319,0.4,0.516,47,56.8,7.6,0.49,17.4,0.208,704,1683,0.418,243,673,0.361,350,537,0.652,315,990,400,167,82,409,565,2010
"2016",2016,37,"Cal State Bakersfield",28,9,19,0.321,-11.44,-2.16,NA,NA,7,8,2,11,1907,2167,0.36,0.329,0.49,46.5,50.1,7.7,0.45,16.4,0.248,657,1661,0.396,181,546,0.332,412,598,0.689,355,947,329,204,89,382,535,2010
"2019",2019,40,"UC-Davis",30,10,20,0.333,-5.69,-1.9,4,12,7,7,3,11,2136,2194,0.345,0.393,0.567,45.9,60.5,6.3,0.534,18.3,0.251,744,1619,0.46,241,637,0.378,407,559,0.728,225,920,450,196,76,423,589,2010
"2026",2026,47,"Centenary (LA)",30,1,29,0.033,-25.21,-2.85,1,17,1,10,0,19,1775,2422,0.474,0.289,0.481,43.4,49.2,6.5,0.44,22.7,0.297,598,1507,0.397,131,436,0.3,448,715,0.627,281,892,294,212,73,543,656,2010
"2027",2027,48,"Central Arkansas",29,5,24,0.172,-19.16,-5.39,1,15,4,9,0,14,1984,2216,0.413,0.318,0.501,47.3,50.1,6.6,0.466,19.1,0.265,690,1657,0.416,165,527,0.313,439,684,0.642,344,965,346,221,76,468,571,2010
"2073",2073,94,"Florida Gulf Coast",30,10,20,0.333,-10.27,-3.11,7,13,6,8,4,12,1970,2185,0.426,0.319,0.493,50.7,54.3,6.3,0.454,20,0.277,667,1662,0.401,175,531,0.33,461,708,0.651,397,1098,362,189,65,500,559,2010
"2098",2098,119,"Houston Baptist",31,5,26,0.161,-18.41,-8.72,2,10,4,8,0,15,2140,2429,0.399,0.295,0.495,46.2,49.3,7,0.454,19.2,0.27,735,1818,0.404,180,537,0.335,490,725,0.676,379,1081,362,257,82,513,681,2010
"2111",2111,132,"Fort Wayne",30,18,12,0.6,-2.17,-5.17,11,7,11,3,7,8,2230,2103,0.354,0.372,0.57,49.8,56.9,8.4,0.529,15.7,0.273,766,1676,0.457,240,624,0.385,458,593,0.772,280,953,436,151,90,365,646,2010
"2119",2119,140,"Kennesaw State",31,8,23,0.258,-14.06,-3.29,6,14,6,8,2,14,2017,2320,0.357,0.335,0.498,47.8,48.2,9.2,0.467,18,0.232,720,1731,0.416,176,580,0.303,401,618,0.649,384,1057,347,171,119,443,532,2010
"2130",2130,151,"Longwood",31,12,19,0.387,-16.02,-3.62,NA,NA,10,4,1,14,2364,2552,0.33,0.355,0.548,45.7,60.1,4.8,0.518,16.5,0.23,849,1866,0.455,236,662,0.356,430,615,0.699,317,1027,510,183,64,428,597,2010
"2180",2180,201,"NJIT",30,15,15,0.5,-13.18,-9.64,9,3,10,5,5,9,2065,2052,0.333,0.352,0.514,50.2,52.5,10.6,0.493,16.9,0.206,743,1734,0.428,222,610,0.364,357,578,0.618,331,1074,390,179,110,408,632,2010
"2184",2184,205,"North Carolina Central",30,15,15,0.5,-13.03,-8.03,NA,NA,9,4,6,10,2062,2103,0.378,0.35,0.544,48.1,48.9,8.9,0.512,19.7,0.261,722,1606,0.45,199,562,0.354,419,607,0.69,307,964,353,234,93,466,624,2010
"2189",2189,210,"North Dakota State",29,14,15,0.483,-1.54,-3.5,8,10,10,3,2,11,2188,2062,0.408,0.262,0.555,52.6,50.9,6.4,0.521,16.2,0.283,778,1651,0.471,165,432,0.382,467,674,0.693,341,1037,396,170,76,381,566,2010
"2190",2190,211,"North Dakota",34,19,15,0.559,-11.83,-8.7,8,4,11,3,4,11,2319,2327,0.44,0.344,0.525,50.3,53.9,10.2,0.485,17.9,0.299,779,1826,0.427,215,629,0.342,546,804,0.679,334,1204,420,209,130,480,671,2010
"2191",2191,212,"North Florida",34,15,19,0.441,-6.25,0.31,10,10,4,7,7,11,2208,2431,0.425,0.354,0.528,46.1,53.3,7.4,0.494,21.4,0.281,758,1741,0.435,203,616,0.33,489,740,0.661,350,1087,404,201,106,569,697,2010
"2195",2195,216,"Northern Colorado",32,21,11,0.656,1.39,-2.24,13,3,14,0,6,9,2287,2105,0.434,0.385,0.555,53.6,50.8,6.4,0.502,18.1,0.334,731,1708,0.428,254,657,0.387,571,742,0.77,376,1150,371,191,62,454,609,2010
"2218",2218,239,"Presbyterian",31,13,18,0.419,-7.72,-2.85,7,11,6,5,6,12,1915,2066,0.305,0.365,0.547,47.4,54.1,4.7,0.515,19.6,0.222,679,1530,0.444,218,559,0.39,339,466,0.727,252,924,367,126,54,428,454,2010
"2245",2245,266,"Seattle",31,11,20,0.355,-9.26,-2.36,NA,NA,6,6,4,13,2138,2352,0.358,0.305,0.482,50.2,47.2,5.2,0.446,19.6,0.236,758,1897,0.4,175,578,0.303,447,680,0.657,450,1167,358,259,60,541,678,2010
"2250",2250,271,"South Carolina Upstate",30,5,25,0.167,-12.44,-0.94,4,16,3,8,2,14,1746,2091,0.28,0.438,0.459,47.8,54.6,10.2,0.436,18.8,0.168,625,1680,0.372,214,735,0.291,282,470,0.6,378,1020,341,174,110,440,554,2010
"2252",2252,273,"South Dakota State",31,19,12,0.613,3.1,-4.04,10,8,10,5,8,6,2533,2285,0.353,0.353,0.57,50.4,53.3,6.4,0.538,12.2,0.257,884,1901,0.465,276,672,0.411,489,672,0.728,377,1095,471,189,82,308,567,2010
"2253",2253,274,"South Dakota",33,18,15,0.545,-9.72,-10.48,7,5,13,2,3,11,2632,2507,0.365,0.35,0.544,49.7,51.9,6.3,0.516,14.7,0.243,939,2063,0.455,252,723,0.349,502,752,0.668,374,1268,487,221,94,417,577,2010
"2258",2258,279,"SIU Edwardsville",29,8,21,0.276,-22.39,-3.67,NA,NA,6,8,0,13,1879,2248,0.326,0.372,0.514,44.4,57.8,6.6,0.484,21.1,0.218,668,1584,0.422,197,590,0.334,346,517,0.669,246,895,386,167,83,489,589,2010
"2295",2295,316,"Utah Valley",30,19,11,0.633,-7.78,-9.97,11,1,13,3,6,8,2276,2054,0.464,0.325,0.554,54.3,55.9,8,0.501,16.8,0.351,744,1682,0.442,197,546,0.361,591,780,0.758,342,1192,416,151,92,414,568,2010
"2356",2356,32,"Bryant",30,2,28,0.067,-17.9,-4.27,1,17,1,10,0,17,1852,2261,0.295,0.424,0.499,43.5,57.3,5.8,0.468,19.2,0.204,656,1626,0.403,209,690,0.303,331,480,0.69,293,854,376,133,64,441,552,2011
"2361",2361,37,"Cal State Bakersfield",31,16,15,0.516,-7.15,-3.65,0,0,10,3,6,12,2121,2154,0.35,0.323,0.543,47.9,57.7,11,0.513,18.9,0.239,761,1676,0.454,198,542,0.365,401,587,0.683,352,883,439,248,107,457,614,2011
"2364",2364,40,"UC-Davis",31,5,26,0.161,-15.6,-2.63,3,13,4,8,1,14,1924,2307,0.328,0.403,0.516,43.3,56.1,5.8,0.484,20.4,0.224,661,1614,0.41,240,650,0.369,362,529,0.684,278,868,371,151,70,479,574,2011
"2371",2371,47,"Central Arkansas",29,8,21,0.276,-17.26,-4.83,3,13,6,7,2,14,2058,2371,0.321,0.26,0.474,45,54.2,7.3,0.457,17,0.178,786,1884,0.417,150,490,0.306,336,605,0.555,425,984,426,235,92,445,588,2011
"2417",2417,93,"Florida Gulf Coast",32,15,17,0.469,-2.41,-1.96,8,10,9,5,5,11,2306,2306,0.337,0.372,0.55,47.9,52,11.1,0.525,18.5,0.226,823,1806,0.456,251,672,0.374,409,608,0.673,366,1038,428,261,125,477,612,2011
"2442",2442,118,"Houston Baptist",30,10,20,0.333,-16.07,-6.1,3,7,9,5,0,13,2208,2344,0.378,0.258,0.503,45.5,47.4,4.2,0.464,17.6,0.259,787,1860,0.423,153,479,0.319,481,704,0.683,405,974,373,225,51,470,655,2011
"2455",2455,131,"Fort Wayne",30,11,19,0.367,-8.79,-2.05,5,13,8,5,3,13,2100,2242,0.371,0.297,0.533,48.3,54.2,6.8,0.5,18,0.253,756,1676,0.451,164,497,0.33,424,621,0.683,316,916,410,188,73,434,593,2011
"2463",2463,139,"Kennesaw State",31,3,28,0.097,-15.02,-0.49,0,18,1,11,1,16,1920,2330,0.319,0.363,0.501,42.6,54.1,5.1,0.477,18.3,0.199,691,1665,0.415,206,604,0.341,332,531,0.625,309,830,374,192,57,429,533,2011
"2474",2474,150,"Longwood",31,10,21,0.323,-20.47,-5.99,0,0,7,5,2,14,2276,2617,0.279,0.398,0.528,43.9,58.2,5.6,0.503,16,0.188,826,1905,0.434,265,759,0.349,359,531,0.676,292,960,481,163,68,410,495,2011
"2524",2524,200,"NJIT",32,15,17,0.469,-12.09,-8.27,5,5,11,4,2,12,2236,2175,0.309,0.393,0.524,47,52.5,8.8,0.492,15.9,0.217,787,1861,0.423,258,732,0.352,404,575,0.703,339,1026,413,232,97,403,646,2011
"2528",2528,204,"North Carolina Central",32,17,15,0.531,-6.12,-6.98,10,6,8,3,6,11,2263,2020,0.454,0.328,0.566,47.4,58.3,10.9,0.528,19.6,0.321,772,1644,0.47,192,539,0.356,527,746,0.706,309,940,450,263,123,487,590,2011
"2533",2533,209,"North Dakota State",31,17,14,0.548,0.01,-2.5,9,9,10,4,5,9,2267,2119,0.385,0.322,0.581,49,52.3,9.1,0.549,16.4,0.278,805,1649,0.488,199,531,0.375,458,635,0.721,257,939,421,192,108,384,603,2011
"2534",2534,210,"North Dakota",32,17,15,0.531,-8.76,-6.33,6,4,13,1,2,14,2153,2141,0.394,0.354,0.527,47.7,52.6,11.6,0.501,18.5,0.249,762,1722,0.443,201,609,0.33,428,679,0.63,317,1028,401,207,139,465,562,2011
"2535",2535,211,"North Florida",32,16,16,0.5,-3.44,-0.05,10,8,11,3,5,12,2168,2266,0.375,0.326,0.535,47.9,49.8,7.8,0.516,19.6,0.228,787,1720,0.458,201,561,0.358,393,645,0.609,358,1016,392,186,104,493,590,2011
"2539",2539,215,"Northern Colorado",28,9,19,0.321,-6.23,-2.19,5,11,5,9,2,10,2026,2112,0.422,0.308,0.58,51,49.9,7.5,0.549,20.7,0.295,699,1454,0.481,199,448,0.444,429,614,0.699,292,852,349,155,66,456,556,2011
"2562",2562,238,"Presbyterian",29,14,15,0.483,-6.76,-4.65,8,10,7,8,7,7,1889,1918,0.395,0.346,0.558,47.8,48.9,4.6,0.524,18.1,0.278,661,1425,0.464,171,493,0.347,396,563,0.703,254,785,323,131,52,374,457,2011
"2589",2589,265,"Seattle",27,12,15,0.444,-4.18,-2.76,0,0,9,6,2,9,2065,2025,0.253,0.323,0.514,49.9,47.9,8.8,0.488,17.1,0.176,779,1792,0.435,191,578,0.33,316,454,0.696,371,1006,373,226,87,414,568,2011
"2594",2594,270,"South Carolina Upstate",34,21,13,0.618,-0.16,-1.6,13,5,13,1,7,10,2426,2321,0.343,0.304,0.515,51,49.5,11.9,0.49,17.9,0.219,888,2024,0.439,207,615,0.337,443,695,0.637,505,1158,440,286,144,512,663,2011
"2596",2596,272,"South Dakota State",35,27,8,0.771,7.34,-1.87,15,3,14,0,8,7,2689,2329,0.399,0.371,0.576,48.9,54.5,4.9,0.54,13.7,0.29,918,1963,0.468,284,728,0.39,569,783,0.727,363,1078,500,236,65,370,567,2011
"2597",2597,273,"South Dakota",28,10,18,0.357,-9.56,-2.88,5,13,7,7,3,11,1982,2101,0.336,0.339,0.542,45.1,56.2,8.7,0.511,16.6,0.235,710,1576,0.451,191,534,0.358,371,530,0.7,242,829,399,184,101,365,438,2011
"2602",2602,278,"SIU Edwardsville",27,10,17,0.37,-13.3,-5.5,6,10,7,6,3,9,1775,1924,0.367,0.323,0.533,45.3,52.7,5.8,0.505,19.9,0.24,626,1419,0.441,182,459,0.397,341,521,0.655,250,799,330,152,61,415,499,2011
"2639",2639,315,"Utah Valley",33,20,13,0.606,-6.53,-7.11,9,1,14,2,5,10,2305,2190,0.355,0.31,0.511,50.9,54.1,9.6,0.473,15.6,0.248,819,1931,0.424,189,599,0.316,478,685,0.698,422,1198,443,214,121,418,524,2011
"2700",2700,32,"Bryant",31,19,12,0.613,-2.08,-4.72,12,6,11,5,8,7,2294,2212,0.37,0.36,0.576,48.4,57.9,3.2,0.544,16.7,0.268,812,1693,0.48,217,610,0.356,453,627,0.722,303,942,470,158,35,400,512,2012
"2705",2705,37,"Cal State Bakersfield",30,14,16,0.467,-6.44,-2.17,0,0,9,4,3,11,2041,2070,0.355,0.348,0.515,47.2,53.5,5.6,0.477,17.6,0.249,710,1697,0.418,199,591,0.337,422,603,0.7,342,908,380,221,56,424,610,2012
"2708",2708,40,"UC-Davis",31,14,17,0.452,-3.5,-2.57,9,9,6,7,6,9,2210,2239,0.329,0.385,0.579,47.6,58.6,7.3,0.551,18.5,0.237,781,1651,0.473,257,635,0.405,391,544,0.719,252,950,458,144,87,434,533,2012
"2715",2715,47,"Central Arkansas",30,13,17,0.433,-10.87,-6.12,7,11,8,7,5,8,2294,2359,0.296,0.309,0.511,45.9,49.4,8.9,0.49,16.1,0.187,856,1967,0.435,214,608,0.352,368,582,0.632,416,1047,423,236,120,432,626,2012
"2761",2761,93,"Florida Gulf Coast",37,26,11,0.703,2.76,-2.07,13,5,15,1,6,9,2696,2469,0.348,0.342,0.548,48.3,53.6,10.5,0.521,18.1,0.235,976,2112,0.462,247,722,0.342,497,736,0.675,412,1226,523,331,139,545,649,2012
"2786",2786,118,"Houston Baptist",31,14,17,0.452,-15.17,-8.03,3,5,7,5,3,12,1982,2080,0.365,0.256,0.491,47.7,49,6.8,0.455,20.9,0.242,712,1720,0.414,141,441,0.32,417,628,0.664,368,994,349,215,86,534,613,2012
"2799",2799,131,"Fort Wayne",33,16,17,0.485,-7,-5.32,7,9,10,4,4,10,2213,2178,0.385,0.35,0.528,50.2,53.2,7.5,0.501,17.7,0.247,777,1771,0.439,222,620,0.358,437,681,0.642,346,1031,413,250,87,449,583,2012
"2807",2807,139,"Kennesaw State",30,3,27,0.1,-15.4,-4.76,2,16,2,10,1,15,1831,2150,0.374,0.312,0.483,43.6,48.4,4.9,0.447,17.9,0.243,644,1609,0.4,152,502,0.303,391,601,0.651,328,798,312,211,50,414,603,2012
"2818",2818,150,"Longwood",33,8,25,0.242,-19.36,-5.1,4,12,4,9,2,14,2270,2687,0.312,0.276,0.521,45.5,54.6,6.7,0.487,20.1,0.222,841,1898,0.443,167,524,0.319,421,593,0.71,341,1003,459,226,96,548,592,2012
"2860",2860,192,"Omaha",31,11,20,0.355,-15.18,-3.9,6,10,7,6,3,13,2215,2548,0.3,0.296,0.543,42.5,49.5,6.7,0.515,18.2,0.209,826,1786,0.462,189,528,0.358,374,536,0.698,262,865,409,205,86,453,527,2012
"2867",2867,199,"New Orleans",26,8,18,0.308,-21.26,-6.12,0,0,8,4,0,13,1791,1958,0.368,0.209,0.504,45.3,53.9,7.1,0.47,20.6,0.243,666,1513,0.44,91,316,0.288,368,557,0.661,293,813,359,224,75,461,531,2012
"2870",2870,202,"NJIT",29,16,13,0.552,-8.33,-9.01,6,2,12,3,4,9,2042,1869,0.407,0.297,0.513,49.5,53.3,13.5,0.476,17.6,0.273,702,1667,0.421,183,495,0.37,455,678,0.671,380,1022,374,253,147,424,567,2012
"2874",2874,206,"North Carolina Central",31,22,9,0.71,-2.23,-7.05,15,1,12,2,9,5,2079,1758,0.443,0.314,0.559,49.4,61.8,9,0.514,19.3,0.325,706,1536,0.46,168,483,0.348,499,680,0.734,284,922,436,236,90,444,548,2012
"2879",2879,211,"North Dakota State",34,24,10,0.706,5.21,-4.01,12,4,12,1,7,8,2282,1908,0.288,0.366,0.561,52.2,50.8,12.7,0.534,15.6,0.208,838,1789,0.468,234,654,0.358,372,515,0.722,315,1082,426,196,144,375,542,2012
"2880",2880,212,"North Dakota",33,16,17,0.485,-8.53,-5.34,12,8,9,5,6,11,2222,2243,0.355,0.329,0.519,46.1,49.6,9.6,0.48,16.4,0.253,776,1833,0.423,207,603,0.343,463,651,0.711,348,1011,385,258,123,421,544,2012
"2881",2881,213,"North Florida",32,13,19,0.406,-7.35,-3.22,8,10,7,4,4,14,2121,2235,0.297,0.416,0.532,44.7,57.8,8.5,0.509,19.1,0.196,763,1746,0.437,250,726,0.344,343,519,0.661,330,949,441,195,119,469,562,2012
"2885",2885,217,"Northern Colorado",31,13,18,0.419,-7.64,-5.19,10,10,8,5,4,13,2184,2181,0.329,0.326,0.55,49.5,50.9,6.6,0.525,17,0.222,796,1718,0.463,211,560,0.377,381,565,0.674,330,984,405,207,71,407,551,2012
"2888",2888,220,"Northern Kentucky",27,11,16,0.407,-7.82,-5.42,9,9,5,4,6,9,1582,1647,0.284,0.453,0.511,43.9,61.5,6.1,0.481,16.6,0.2,553,1363,0.406,204,617,0.331,272,387,0.703,220,709,340,165,52,308,427,2012
"2909",2909,241,"Presbyterian",32,8,24,0.25,-17.47,-4.71,4,12,7,6,1,15,1987,2248,0.257,0.338,0.54,43.9,51.7,4.9,0.509,18.5,0.193,739,1640,0.451,192,554,0.347,317,421,0.753,218,835,382,145,57,418,490,2012
"2936",2936,268,"Seattle",30,8,22,0.267,-4.53,-1.05,3,15,5,11,3,9,1966,2058,0.29,0.318,0.494,51.5,57.2,8.2,0.471,21.5,0.181,734,1750,0.419,181,557,0.325,317,507,0.625,409,1106,420,231,89,546,588,2012
"2941",2941,273,"South Carolina Upstate",33,16,17,0.485,-3.59,-4.79,9,9,9,4,5,11,2315,2194,0.338,0.324,0.526,51,60.9,11.5,0.501,16.8,0.219,843,1896,0.445,213,614,0.347,416,640,0.65,424,1121,513,233,131,445,547,2012
"2943",2943,275,"South Dakota State",35,25,10,0.714,2.36,-3.27,13,3,13,0,7,9,2568,2300,0.324,0.358,0.574,51.3,55.6,6.1,0.539,14,0.247,910,1938,0.47,270,694,0.389,478,627,0.762,331,1125,506,175,78,365,492,2012
"2944",2944,276,"South Dakota",30,10,20,0.333,-7.5,-2.92,5,11,5,7,4,11,2113,2208,0.369,0.348,0.559,44.2,52,7.1,0.513,16.1,0.288,721,1607,0.449,208,560,0.371,463,593,0.781,234,825,375,184,84,363,437,2012
"2949",2949,281,"SIU Edwardsville",27,9,18,0.333,-11.19,-4.67,5,11,8,5,1,13,1699,1827,0.337,0.307,0.513,45.7,55.8,5.9,0.482,19,0.225,609,1428,0.426,159,438,0.363,322,481,0.669,260,772,340,148,58,388,478,2012
"2986",2986,318,"Utah Valley",32,14,18,0.438,-11.38,-7.02,3,5,9,4,3,11,2157,2165,0.314,0.31,0.537,47.1,57.8,7.9,0.505,16.3,0.223,793,1749,0.453,181,542,0.334,390,549,0.71,271,973,458,203,97,390,468,2012
"3047",3047,32,"Bryant",31,19,12,0.613,-2.08,-4.72,12,6,11,5,8,7,2294,2212,0.37,0.36,0.576,48.4,57.9,3.2,0.544,16.7,0.268,812,1693,0.48,217,610,0.356,453,627,0.722,303,942,470,158,35,400,512,2013
"3052",3052,37,"Cal State Bakersfield",30,14,16,0.467,-6.44,-2.17,0,0,9,4,3,11,2041,2070,0.355,0.348,0.515,47.2,53.5,5.6,0.477,17.6,0.249,710,1697,0.418,199,591,0.337,422,603,0.7,342,908,380,221,56,424,610,2013
"3055",3055,40,"UC-Davis",31,14,17,0.452,-3.5,-2.57,9,9,6,7,6,9,2210,2239,0.329,0.385,0.579,47.6,58.6,7.3,0.551,18.5,0.237,781,1651,0.473,257,635,0.405,391,544,0.719,252,950,458,144,87,434,533,2013
"3062",3062,47,"Central Arkansas",30,13,17,0.433,-10.87,-6.12,7,11,8,7,5,8,2294,2359,0.296,0.309,0.511,45.9,49.4,8.9,0.49,16.1,0.187,856,1967,0.435,214,608,0.352,368,582,0.632,416,1047,423,236,120,432,626,2013
"3108",3108,93,"Florida Gulf Coast",37,26,11,0.703,2.76,-2.07,13,5,15,1,6,9,2696,2469,0.348,0.342,0.548,48.3,53.6,10.5,0.521,18.1,0.235,976,2112,0.462,247,722,0.342,497,736,0.675,412,1226,523,331,139,545,649,2013
"3133",3133,118,"Houston Baptist",31,14,17,0.452,-15.17,-8.03,3,5,7,5,3,12,1982,2080,0.365,0.256,0.491,47.7,49,6.8,0.455,20.9,0.242,712,1720,0.414,141,441,0.32,417,628,0.664,368,994,349,215,86,534,613,2013
"3146",3146,131,"Fort Wayne",33,16,17,0.485,-7,-5.32,7,9,10,4,4,10,2213,2178,0.385,0.35,0.528,50.2,53.2,7.5,0.501,17.7,0.247,777,1771,0.439,222,620,0.358,437,681,0.642,346,1031,413,250,87,449,583,2013
"3154",3154,139,"Kennesaw State",30,3,27,0.1,-15.4,-4.76,2,16,2,10,1,15,1831,2150,0.374,0.312,0.483,43.6,48.4,4.9,0.447,17.9,0.243,644,1609,0.4,152,502,0.303,391,601,0.651,328,798,312,211,50,414,603,2013
"3165",3165,150,"Longwood",33,8,25,0.242,-19.36,-5.1,4,12,4,9,2,14,2270,2687,0.312,0.276,0.521,45.5,54.6,6.7,0.487,20.1,0.222,841,1898,0.443,167,524,0.319,421,593,0.71,341,1003,459,226,96,548,592,2013
"3207",3207,192,"Omaha",31,11,20,0.355,-15.18,-3.9,6,10,7,6,3,13,2215,2548,0.3,0.296,0.543,42.5,49.5,6.7,0.515,18.2,0.209,826,1786,0.462,189,528,0.358,374,536,0.698,262,865,409,205,86,453,527,2013
"3214",3214,199,"New Orleans",26,8,18,0.308,-21.26,-6.12,0,0,8,4,0,13,1791,1958,0.368,0.209,0.504,45.3,53.9,7.1,0.47,20.6,0.243,666,1513,0.44,91,316,0.288,368,557,0.661,293,813,359,224,75,461,531,2013
"3217",3217,202,"NJIT",29,16,13,0.552,-8.33,-9.01,6,2,12,3,4,9,2042,1869,0.407,0.297,0.513,49.5,53.3,13.5,0.476,17.6,0.273,702,1667,0.421,183,495,0.37,455,678,0.671,380,1022,374,253,147,424,567,2013
"3221",3221,206,"North Carolina Central",31,22,9,0.71,-2.23,-7.05,15,1,12,2,9,5,2079,1758,0.443,0.314,0.559,49.4,61.8,9,0.514,19.3,0.325,706,1536,0.46,168,483,0.348,499,680,0.734,284,922,436,236,90,444,548,2013
"3226",3226,211,"North Dakota State",34,24,10,0.706,5.21,-4.01,12,4,12,1,7,8,2282,1908,0.288,0.366,0.561,52.2,50.8,12.7,0.534,15.6,0.208,838,1789,0.468,234,654,0.358,372,515,0.722,315,1082,426,196,144,375,542,2013
"3227",3227,212,"North Dakota",33,16,17,0.485,-8.53,-5.34,12,8,9,5,6,11,2222,2243,0.355,0.329,0.519,46.1,49.6,9.6,0.48,16.4,0.253,776,1833,0.423,207,603,0.343,463,651,0.711,348,1011,385,258,123,421,544,2013
"3228",3228,213,"North Florida",32,13,19,0.406,-7.35,-3.22,8,10,7,4,4,14,2121,2235,0.297,0.416,0.532,44.7,57.8,8.5,0.509,19.1,0.196,763,1746,0.437,250,726,0.344,343,519,0.661,330,949,441,195,119,469,562,2013
"3232",3232,217,"Northern Colorado",31,13,18,0.419,-7.64,-5.19,10,10,8,5,4,13,2184,2181,0.329,0.326,0.55,49.5,50.9,6.6,0.525,17,0.222,796,1718,0.463,211,560,0.377,381,565,0.674,330,984,405,207,71,407,551,2013
"3235",3235,220,"Northern Kentucky",27,11,16,0.407,-7.82,-5.42,9,9,5,4,6,9,1582,1647,0.284,0.453,0.511,43.9,61.5,6.1,0.481,16.6,0.2,553,1363,0.406,204,617,0.331,272,387,0.703,220,709,340,165,52,308,427,2013
"3256",3256,241,"Presbyterian",32,8,24,0.25,-17.47,-4.71,4,12,7,6,1,15,1987,2248,0.257,0.338,0.54,43.9,51.7,4.9,0.509,18.5,0.193,739,1640,0.451,192,554,0.347,317,421,0.753,218,835,382,145,57,418,490,2013
"3283",3283,268,"Seattle",30,8,22,0.267,-4.53,-1.05,3,15,5,11,3,9,1966,2058,0.29,0.318,0.494,51.5,57.2,8.2,0.471,21.5,0.181,734,1750,0.419,181,557,0.325,317,507,0.625,409,1106,420,231,89,546,588,2013
"3288",3288,273,"South Carolina Upstate",33,16,17,0.485,-3.59,-4.79,9,9,9,4,5,11,2315,2194,0.338,0.324,0.526,51,60.9,11.5,0.501,16.8,0.219,843,1896,0.445,213,614,0.347,416,640,0.65,424,1121,513,233,131,445,547,2013
"3290",3290,275,"South Dakota State",35,25,10,0.714,2.36,-3.27,13,3,13,0,7,9,2568,2300,0.324,0.358,0.574,51.3,55.6,6.1,0.539,14,0.247,910,1938,0.47,270,694,0.389,478,627,0.762,331,1125,506,175,78,365,492,2013
"3291",3291,276,"South Dakota",30,10,20,0.333,-7.5,-2.92,5,11,5,7,4,11,2113,2208,0.369,0.348,0.559,44.2,52,7.1,0.513,16.1,0.288,721,1607,0.449,208,560,0.371,463,593,0.781,234,825,375,184,84,363,437,2013
"3296",3296,281,"SIU Edwardsville",27,9,18,0.333,-11.19,-4.67,5,11,8,5,1,13,1699,1827,0.337,0.307,0.513,45.7,55.8,5.9,0.482,19,0.225,609,1428,0.426,159,438,0.363,322,481,0.669,260,772,340,148,58,388,478,2013
"3333",3333,318,"Utah Valley",32,14,18,0.438,-11.38,-7.02,3,5,9,4,3,11,2157,2165,0.314,0.31,0.537,47.1,57.8,7.9,0.505,16.3,0.223,793,1749,0.453,181,542,0.334,390,549,0.71,271,973,458,203,97,390,468,2013
"3363",3363,1,"Abilene Christian",31,10,21,0.323,-17.2,-6.34,4,14,7,6,1,14,1976,2186,0.289,0.362,0.516,44.6,56.7,3.6,0.482,17.2,0.21,695,1684,0.413,232,610,0.38,354,487,0.727,274,897,394,203,38,399,661,2014
"3395",3395,33,"Bryant",31,16,15,0.516,-6.28,-4.93,12,6,9,5,7,10,2058,2100,0.328,0.388,0.529,49,53.7,7,0.488,15.8,0.246,709,1683,0.421,226,653,0.346,414,552,0.75,306,1029,381,157,77,366,560,2014
"3400",3400,38,"Cal State Bakersfield",33,14,19,0.424,-6.4,-5.8,7,7,9,5,3,10,2100,2028,0.393,0.325,0.52,53.8,59.7,6.1,0.474,16.8,0.284,715,1703,0.42,186,554,0.336,484,669,0.723,368,1143,427,190,59,409,673,2014
"3403",3403,41,"UC-Davis",32,25,7,0.781,2.19,-2.58,14,2,14,0,10,6,2263,2068,0.378,0.387,0.606,49.4,54.8,5.5,0.576,18.6,0.277,775,1583,0.49,274,613,0.447,439,598,0.734,255,995,425,165,63,427,563,2014
"3410",3410,48,"Central Arkansas",29,2,27,0.069,-22.84,-5.94,2,16,2,11,0,16,1894,2384,0.393,0.365,0.524,45.8,55.9,9.4,0.488,22.6,0.266,646,1524,0.424,196,556,0.353,406,599,0.678,273,903,361,182,114,529,604,2014
"3456",3456,94,"Florida Gulf Coast",33,22,11,0.667,-1.81,-4.98,11,3,14,4,6,6,2224,2085,0.32,0.311,0.513,52,57.4,10.6,0.485,15.1,0.212,814,1883,0.432,197,585,0.337,399,603,0.662,404,1257,467,185,127,386,559,2014
"3473",3473,111,"Grand Canyon",32,17,15,0.531,-6.62,-5.45,8,6,13,8,4,7,2198,2188,0.4,0.353,0.549,47.4,51.1,7.9,0.51,15.2,0.286,759,1683,0.451,198,594,0.333,482,674,0.715,281,1016,388,171,99,358,627,2014
"3482",3482,120,"Houston Baptist",28,12,16,0.429,-13.18,-5.63,7,11,10,3,2,13,2028,2063,0.383,0.25,0.538,54.6,47.8,10.6,0.497,18.5,0.278,728,1596,0.456,129,399,0.323,443,611,0.725,366,1061,348,166,115,429,585,2014
"3490",3490,128,"Incarnate Word",29,18,11,0.621,-6.15,-6.47,10,8,11,3,7,8,2298,2180,0.454,0.334,0.574,48.2,49.4,10.5,0.531,14.1,0.333,773,1647,0.469,204,550,0.371,548,747,0.734,267,969,382,229,128,329,538,2014
"3496",3496,134,"Fort Wayne",31,16,15,0.516,-3.13,-3.41,9,7,10,5,6,9,2171,2081,0.402,0.386,0.569,50.3,58.9,8.1,0.539,16,0.276,754,1603,0.47,221,619,0.357,442,645,0.685,242,1001,444,178,92,365,502,2014
"3504",3504,142,"Kennesaw State",32,10,22,0.313,-17.33,-5.1,4,10,6,8,3,14,2027,2363,0.292,0.372,0.501,47.7,46.2,8.9,0.464,18.4,0.214,717,1775,0.404,214,661,0.324,379,518,0.732,343,1094,331,173,110,455,567,2014
"3515",3515,153,"Longwood",34,11,23,0.324,-12.96,-5.53,5,13,6,7,2,14,2311,2491,0.305,0.393,0.531,45.7,49.1,9.1,0.498,18.4,0.22,809,1899,0.426,275,746,0.369,418,580,0.721,324,1071,397,270,106,489,671,2014
"3532",3532,170,"Massachusetts-Lowell",29,12,17,0.414,-11.21,-4.32,6,10,6,5,6,12,1780,1928,0.343,0.42,0.517,45.1,53,3.1,0.487,18.2,0.228,610,1481,0.412,223,622,0.359,337,508,0.663,212,837,323,201,28,383,523,2014
"3558",3558,196,"Omaha",29,12,17,0.414,-7.18,-5.14,5,11,7,6,5,11,2226,2256,0.427,0.313,0.537,50.1,45.6,8.4,0.497,15.9,0.298,767,1724,0.445,179,539,0.332,513,737,0.696,321,1009,350,237,92,391,590,2014
"3565",3565,203,"New Orleans",29,11,18,0.379,-11.86,-6.36,6,12,8,4,2,13,2062,2133,0.48,0.228,0.523,51.4,39.6,9.3,0.477,18.7,0.331,704,1604,0.439,123,366,0.336,531,770,0.69,365,1014,279,216,101,452,608,2014
"3568",3568,206,"NJIT",33,21,12,0.636,-3.21,-4.07,0,0,15,2,6,10,2368,2229,0.385,0.42,0.566,49.6,60.9,12.8,0.536,17.7,0.268,808,1768,0.457,279,742,0.376,473,680,0.696,319,1110,492,232,149,450,646,2014
"3572",3572,210,"North Carolina Central",33,25,8,0.758,0.66,-8.67,16,0,12,0,9,7,2278,1821,0.379,0.356,0.579,53.1,56.7,12.5,0.553,17.4,0.26,813,1668,0.487,219,593,0.369,433,632,0.685,312,1121,461,219,134,414,636,2014
"3577",3577,215,"North Dakota State",33,23,10,0.697,-1.72,-3.63,12,4,14,0,5,8,2141,2057,0.358,0.35,0.534,51.3,42.4,10.7,0.501,14,0.248,743,1713,0.434,230,600,0.383,425,614,0.692,274,1098,315,156,123,325,504,2014
"3578",3578,216,"North Dakota",30,8,22,0.267,-12.16,-3.73,4,14,3,9,4,12,2032,2201,0.384,0.332,0.525,47.4,49.5,8.2,0.491,16.2,0.26,713,1637,0.436,180,543,0.331,426,628,0.678,260,961,353,189,94,373,640,2014
"3579",3579,217,"North Florida",35,23,12,0.657,-0.82,-5.94,12,2,12,2,9,9,2651,2385,0.391,0.424,0.585,50.7,56.4,9.9,0.553,16.1,0.283,897,1910,0.47,317,810,0.391,540,747,0.723,339,1219,506,214,146,436,568,2014
"3583",3583,221,"Northern Colorado",30,15,15,0.5,-6.82,-6.21,10,8,12,3,3,11,2242,2203,0.356,0.316,0.567,49.5,46,6.1,0.536,13.7,0.254,804,1691,0.475,204,535,0.381,430,602,0.714,339,978,370,196,59,313,594,2014
"3586",3586,224,"Northern Kentucky",30,13,17,0.433,-6.85,-4.49,7,7,9,6,4,11,2117,2079,0.299,0.383,0.547,50.1,48.7,8.4,0.527,15.3,0.197,779,1693,0.46,226,648,0.349,333,507,0.657,299,1014,379,173,85,348,612,2014
"3607",3607,245,"Presbyterian",32,10,22,0.313,-16.26,-4.51,6,12,7,8,3,11,1978,2214,0.33,0.257,0.516,49.1,46,8.8,0.489,17.8,0.217,741,1656,0.447,136,425,0.32,360,546,0.659,296,1029,341,166,90,415,507,2014
"3634",3634,272,"Seattle",34,18,16,0.529,-5.85,-4.69,7,7,13,5,2,10,2123,2095,0.366,0.364,0.54,53,63.6,4.7,0.513,19.2,0.243,740,1674,0.442,236,609,0.388,407,612,0.665,324,1149,471,185,50,466,572,2014
"3639",3639,277,"South Carolina Upstate",36,24,12,0.667,-2.28,-7.5,8,6,14,5,9,7,2579,2198,0.297,0.406,0.532,52.7,56.9,9.6,0.51,13.9,0.194,938,2124,0.442,290,863,0.336,413,631,0.655,482,1372,534,283,114,390,588,2014
"3641",3641,279,"South Dakota State",35,24,11,0.686,3.32,-3.23,12,4,13,0,7,9,2572,2277,0.407,0.382,0.562,51.2,49.4,10,0.525,14.8,0.29,867,1918,0.452,280,732,0.383,556,780,0.713,337,1254,428,191,129,399,691,2014
"3642",3642,280,"South Dakota",33,17,16,0.515,-4.9,-3.48,9,7,8,6,8,7,2309,2312,0.338,0.306,0.517,51.3,47.8,6.8,0.477,14.3,0.247,811,1924,0.422,212,589,0.36,475,650,0.731,384,1169,388,184,80,372,603,2014
"3647",3647,285,"SIU Edwardsville",28,12,16,0.429,-7.28,-4.54,8,8,11,3,1,12,1909,1884,0.378,0.34,0.528,49.5,52.3,11.5,0.495,17.2,0.255,660,1532,0.431,198,521,0.38,391,579,0.675,292,969,345,178,120,375,518,2014
"3684",3684,322,"Utah Valley",30,11,19,0.367,-12.72,-4.87,5,9,8,5,3,13,1758,1923,0.334,0.368,0.493,49.8,62.8,6.8,0.455,17.7,0.232,616,1540,0.4,169,566,0.299,357,514,0.695,297,989,387,134,69,385,519,2014
"3714",3714,1,"Abilene Christian",31,13,18,0.419,-13.93,-7.53,8,10,10,5,2,12,2209,2272,0.383,0.335,0.548,49,54.7,6.6,0.514,17.2,0.269,771,1704,0.452,209,570,0.367,458,653,0.701,269,991,422,233,78,418,681,2015
"3746",3746,33,"Bryant",31,8,23,0.258,-18.58,-6.71,5,13,4,10,4,13,2018,2361,0.268,0.342,0.498,46.3,55,7.4,0.475,17.2,0.172,755,1798,0.42,198,615,0.322,310,482,0.643,300,1048,415,176,83,420,591,2015
"3751",3751,38,"Cal State Bakersfield",33,24,9,0.727,2.58,-5.15,11,3,14,1,7,7,2405,2104,0.374,0.27,0.527,52.8,59,14.2,0.497,15.1,0.245,875,1939,0.451,179,524,0.342,476,726,0.656,414,1263,516,263,165,405,707,2015
"3754",3754,41,"UC-Davis",30,11,19,0.367,-5.58,-1.26,6,10,8,7,3,11,1914,1980,0.346,0.288,0.511,49.4,49.1,4.5,0.484,18.6,0.221,697,1608,0.433,164,463,0.354,356,557,0.639,255,1033,342,186,49,427,531,2015
"3761",3761,48,"Central Arkansas",28,7,21,0.25,-15.17,-6.81,6,12,4,6,2,14,2110,2344,0.419,0.3,0.531,50.4,50.4,9.4,0.499,17,0.276,734,1656,0.443,185,497,0.372,457,694,0.659,331,1044,370,152,104,407,575,2015
"3807",3807,94,"Florida Gulf Coast",35,21,14,0.6,-0.79,-3.82,8,6,16,4,4,8,2703,2473,0.369,0.25,0.546,53.5,47.9,10.3,0.523,15,0.238,1008,2106,0.479,186,527,0.353,501,778,0.644,417,1422,483,230,141,438,674,2015
"3824",3824,111,"Grand Canyon",34,27,7,0.794,1.43,-5.6,11,3,18,2,7,5,2581,2316,0.422,0.295,0.543,52.7,56.3,7.3,0.506,14.6,0.293,896,1978,0.453,210,583,0.36,579,835,0.693,399,1301,504,210,90,407,625,2015
"3833",3833,120,"Houston Baptist",34,17,17,0.5,-10.39,-5.26,10,8,12,3,4,11,2604,2582,0.441,0.295,0.566,51.2,52.4,9.5,0.526,17.9,0.316,899,1903,0.472,204,561,0.364,602,839,0.718,351,1248,471,182,134,502,644,2015
"3841",3841,128,"Incarnate Word",29,17,12,0.586,-9.2,-6.2,12,6,10,3,7,9,2145,2140,0.375,0.376,0.551,47.7,59.6,6.8,0.505,15.9,0.287,718,1653,0.434,234,622,0.376,475,620,0.766,232,974,428,200,75,368,538,2015
"3847",3847,134,"Fort Wayne",34,24,10,0.706,0,-1.66,12,4,12,1,10,7,2701,2585,0.333,0.428,0.578,51.4,54.9,8.5,0.55,15.1,0.239,932,2017,0.462,354,863,0.41,483,671,0.72,342,1230,512,190,112,417,588,2015
"3855",3855,142,"Kennesaw State",31,11,20,0.355,-8.58,-1.61,7,7,8,6,3,14,2239,2399,0.342,0.278,0.527,47.1,46.6,8.3,0.493,16,0.24,811,1826,0.444,179,508,0.352,438,625,0.701,322,1039,378,216,99,405,605,2015
"3866",3866,153,"Longwood",33,10,23,0.303,-11.42,-5.15,5,13,5,8,4,12,2397,2503,0.335,0.342,0.545,51.6,49,8.3,0.513,17.7,0.237,860,1899,0.453,227,650,0.349,450,636,0.708,350,1197,421,205,91,474,624,2015
"3883",3883,170,"Massachusetts-Lowell",29,11,18,0.379,-13.59,-6.17,7,9,6,6,5,12,2221,2401,0.326,0.387,0.564,46.6,53.3,6.2,0.54,18.8,0.223,800,1705,0.469,240,659,0.364,381,556,0.685,249,947,426,205,71,455,596,2015
"3909",3909,196,"Omaha",32,18,14,0.563,-0.24,-2.04,10,6,9,4,7,9,2729,2619,0.412,0.296,0.564,48.9,48.3,7.4,0.521,14.6,0.307,953,2023,0.471,202,599,0.337,621,833,0.745,340,1129,460,297,94,413,657,2015
"3916",3916,203,"New Orleans",30,10,20,0.333,-14.21,-8.17,6,12,7,5,3,14,2249,2325,0.448,0.264,0.509,50.6,53.5,7.1,0.464,17,0.308,763,1820,0.419,162,480,0.338,561,816,0.688,422,1138,408,252,77,452,640,2015
"3919",3919,206,"NJIT",35,20,15,0.571,-4.17,-4.56,8,6,12,6,8,9,2629,2587,0.332,0.423,0.555,48.8,61.7,7.8,0.52,16,0.245,911,2045,0.445,306,865,0.354,501,679,0.738,330,1214,562,226,93,452,672,2015
"3923",3923,210,"North Carolina Central",32,13,19,0.406,-13,-10.03,7,9,8,5,3,12,2220,2235,0.386,0.319,0.52,51.3,52.1,4.8,0.487,17.2,0.256,779,1805,0.432,200,575,0.348,462,697,0.663,395,1178,406,186,54,444,635,2015
"3928",3928,215,"North Dakota State",33,20,13,0.606,-0.93,-2.99,8,8,12,1,4,11,2271,2129,0.337,0.343,0.533,50.8,42.5,9.3,0.503,14,0.23,817,1837,0.445,214,630,0.34,423,619,0.683,302,1149,347,198,117,348,523,2015
"3929",3929,216,"North Dakota",33,17,16,0.515,-3.68,-4.91,10,8,10,5,4,9,2474,2366,0.395,0.293,0.541,50.3,50.1,7.7,0.508,16,0.269,876,1926,0.455,203,565,0.359,519,761,0.682,293,1209,439,257,90,435,694,2015
"3930",3930,217,"North Florida",34,22,12,0.647,-1.41,-3.92,10,4,14,3,7,9,2865,2704,0.302,0.485,0.607,47.1,55.9,10.4,0.584,14,0.22,1000,2065,0.484,411,1002,0.41,454,624,0.728,293,1168,559,177,172,383,551,2015
"3934",3934,221,"Northern Colorado",31,10,21,0.323,-12.22,-4.01,7,11,7,9,3,10,2292,2482,0.421,0.316,0.553,50.1,41,7.6,0.511,17.1,0.306,780,1726,0.452,203,545,0.372,529,727,0.728,327,1077,320,178,78,427,703,2015
"3937",3937,224,"Northern Kentucky",30,9,21,0.3,-6.87,-0.69,5,13,7,7,2,13,2116,2233,0.317,0.382,0.535,49.1,58.1,7.6,0.507,17,0.216,755,1719,0.439,234,656,0.357,372,545,0.683,281,1033,439,142,88,406,615,2015
"3958",3958,245,"Presbyterian",31,11,20,0.355,-13.38,-4.98,5,13,7,8,3,11,2093,2259,0.353,0.288,0.514,48.4,46.4,5.9,0.475,17.8,0.251,754,1743,0.433,148,502,0.295,437,615,0.711,298,1047,350,206,60,441,595,2015
"3985",3985,272,"Seattle",32,15,17,0.469,-9.62,-5.02,7,7,10,8,3,8,2074,2140,0.353,0.318,0.513,51.8,56.5,4.9,0.481,20,0.235,735,1732,0.424,197,550,0.358,407,612,0.665,365,1174,415,193,51,505,584,2015
"3990",3990,277,"South Carolina Upstate",32,10,22,0.313,-13.78,-4.39,4,10,7,10,3,12,2315,2495,0.308,0.334,0.528,51.1,56.3,8.9,0.506,17,0.197,860,1914,0.449,218,640,0.341,377,590,0.639,413,1228,484,175,106,449,623,2015
"3992",3992,279,"South Dakota State",34,26,8,0.765,5.44,-1.22,12,4,13,0,8,7,2591,2316,0.402,0.367,0.558,53.7,43.4,6.6,0.515,14.7,0.298,877,1950,0.45,255,715,0.357,582,783,0.743,381,1279,381,169,84,399,670,2015
"3993",3993,280,"South Dakota",32,14,18,0.438,-5.58,-0.88,5,11,6,6,5,10,2443,2537,0.305,0.289,0.546,47.7,53.9,9.8,0.518,14.8,0.214,912,1954,0.467,201,565,0.356,418,596,0.701,289,1077,492,209,113,388,662,2015
"3998",3998,285,"SIU Edwardsville",28,6,22,0.214,-10.78,-2.6,3,13,3,11,3,11,1839,2068,0.369,0.326,0.492,50.5,47.8,10.3,0.448,16.8,0.26,634,1591,0.398,158,519,0.304,413,587,0.704,339,1001,303,138,112,377,619,2015
"4035",4035,322,"Utah Valley",30,12,18,0.4,-9.58,-3.58,6,8,7,7,5,9,2280,2360,0.343,0.398,0.535,47.7,55.4,7.1,0.498,15.8,0.248,785,1833,0.428,256,729,0.351,454,628,0.723,276,1100,435,176,95,399,627,2015
"4065",4065,1,"Abilene Christian",29,13,16,0.448,-11.86,-7.1,7,11,9,5,4,11,2009,2073,0.349,0.354,0.554,47.1,56.6,8.5,0.53,18.5,0.232,721,1555,0.464,207,550,0.376,360,543,0.663,222,904,408,210,83,412,631,2016
"4097",4097,33,"Bryant",32,12,20,0.375,-9.69,-5.43,9,9,9,5,2,15,2373,2478,0.332,0.366,0.535,49.4,54.8,5.8,0.499,16.2,0.239,839,1917,0.438,237,701,0.338,458,636,0.72,345,1148,460,218,69,428,680,2016
"4102",4102,38,"Cal State Bakersfield",35,25,10,0.714,3.21,-1.94,12,2,12,1,11,6,2502,2235,0.371,0.32,0.523,52.3,56.6,12.3,0.496,17.8,0.237,895,2035,0.44,229,652,0.351,483,755,0.64,433,1349,507,286,137,519,794,2016
"4105",4105,41,"UC-Davis",36,23,13,0.639,-5.21,-4.68,11,5,11,0,6,9,2525,2506,0.412,0.316,0.526,50.8,52.8,9,0.49,17.6,0.278,873,2008,0.435,221,635,0.348,558,828,0.674,364,1280,461,202,118,513,688,2016
"4112",4112,48,"Central Arkansas",32,8,24,0.25,-13.04,-3.76,7,11,5,6,3,16,2395,2692,0.36,0.321,0.535,48.8,55.6,7.4,0.498,16.6,0.258,836,1910,0.438,230,613,0.375,493,687,0.718,337,1151,465,178,84,446,606,2016
"4158",4158,94,"Florida Gulf Coast",34,26,8,0.765,2.26,-3.42,12,2,16,3,10,3,2701,2356,0.329,0.315,0.579,53.9,52.3,9.7,0.554,15.3,0.231,1007,2017,0.499,221,636,0.347,466,664,0.702,379,1269,527,207,116,421,635,2016
"4175",4175,111,"Grand Canyon",31,22,9,0.71,-0.16,-4.22,11,3,15,3,5,6,2282,2103,0.412,0.342,0.527,50.9,53.5,6.7,0.493,15.5,0.274,790,1812,0.436,205,619,0.331,497,747,0.665,335,1166,423,233,79,397,539,2016
"4184",4184,120,"Houston Baptist",31,17,14,0.548,-7.3,-4.44,12,6,13,1,4,12,2441,2398,0.375,0.298,0.539,54.1,52.5,7,0.503,15.3,0.262,871,1924,0.453,195,574,0.34,504,721,0.699,425,1199,457,195,81,410,597,2016
"4192",4192,128,"Incarnate Word",29,12,17,0.414,-12.14,-5.62,7,11,10,5,2,12,2212,2320,0.452,0.372,0.563,45.7,49.2,10.4,0.527,16.6,0.314,736,1617,0.455,233,601,0.388,507,731,0.694,229,950,362,168,136,391,583,2016
"4198",4198,134,"Fort Wayne",33,20,13,0.606,0.38,-3.19,8,8,14,3,6,9,2869,2602,0.264,0.412,0.599,53.3,54.6,11,0.579,15.8,0.191,1055,2127,0.496,352,876,0.402,407,561,0.725,334,1245,576,255,129,450,592,2016
"4206",4206,142,"Kennesaw State",32,14,18,0.438,-8.44,-5.97,7,7,8,5,6,13,2401,2456,0.308,0.256,0.542,51,56.8,7.4,0.515,16.3,0.213,892,1932,0.462,206,495,0.416,411,595,0.691,358,1146,507,163,95,431,613,2016
"4217",4217,153,"Longwood",30,6,24,0.2,-21.23,-6.16,3,15,5,9,1,15,2018,2408,0.293,0.342,0.533,44.7,43.9,10.3,0.501,19.4,0.214,738,1660,0.445,186,568,0.327,356,487,0.731,218,922,324,175,124,456,539,2016
"4234",4234,170,"Massachusetts-Lowell",31,11,20,0.355,-10.13,-6.4,5,11,8,6,2,14,2429,2517,0.311,0.363,0.58,49,56.4,5.4,0.551,18.5,0.228,877,1825,0.481,258,662,0.39,417,567,0.735,280,1038,495,171,64,474,622,2016
"4260",4260,196,"Omaha",32,18,14,0.563,-2.24,-1.11,9,7,8,4,8,9,2685,2673,0.405,0.388,0.571,48.7,49.4,8.6,0.529,15.9,0.303,895,1972,0.454,297,765,0.388,598,799,0.748,338,1149,442,262,107,444,616,2016
"4267",4267,203,"New Orleans",32,20,12,0.625,-4.1,-5.34,13,5,11,3,7,8,2331,2215,0.427,0.25,0.552,52.9,60.2,8.6,0.513,20.2,0.303,830,1755,0.473,139,438,0.317,532,749,0.71,386,1140,500,252,97,534,562,2016
"4270",4270,206,"NJIT",31,11,20,0.355,-10.12,-4.22,3,11,8,4,2,15,2253,2320,0.323,0.417,0.526,52,50.3,8.1,0.493,16.3,0.227,786,1857,0.423,258,775,0.333,421,599,0.703,343,1134,395,203,89,418,599,2016
"4274",4274,210,"North Carolina Central",34,25,9,0.735,-3.18,-12.12,13,3,11,2,11,6,2542,2159,0.341,0.38,0.546,51.7,52.7,8.7,0.517,14.8,0.233,910,2005,0.454,255,761,0.335,467,684,0.683,397,1313,480,209,112,406,587,2016
"4279",4279,215,"North Dakota State",30,19,11,0.633,-1.31,-2.63,11,5,11,2,7,7,2244,2146,0.384,0.372,0.561,50,47.1,10.1,0.526,14.8,0.273,775,1693,0.458,232,630,0.368,462,650,0.711,258,1047,365,183,111,348,501,2016
"4280",4280,216,"North Dakota",32,22,10,0.688,-1.83,-5.45,14,4,11,2,7,6,2578,2357,0.364,0.305,0.573,50.5,52.6,7.5,0.542,15.7,0.26,926,1919,0.483,228,585,0.39,498,698,0.713,297,1146,487,251,93,419,672,2016
"4281",4281,217,"North Florida",34,15,19,0.441,-7.78,-1.65,8,6,10,5,4,13,2637,2674,0.369,0.415,0.554,51.9,48.3,10,0.53,18.5,0.242,926,2025,0.457,295,841,0.351,490,748,0.655,423,1321,447,185,143,542,639,2016
"4285",4285,221,"Northern Colorado",29,11,18,0.379,-9.27,-4.2,7,11,6,6,4,11,2075,2167,0.354,0.439,0.533,50.7,53.6,6.1,0.516,17.3,0.214,732,1666,0.439,254,732,0.347,357,590,0.605,310,1075,392,147,64,407,563,2016
"4288",4288,224,"Northern Kentucky",35,24,11,0.686,-0.17,-2.84,12,6,12,2,8,7,2659,2507,0.363,0.422,0.557,53.1,52.4,7.1,0.529,16.4,0.247,928,2037,0.456,300,859,0.349,503,740,0.68,391,1319,486,200,98,468,622,2016
"4309",4309,245,"Presbyterian",30,5,25,0.167,-23.63,-5.95,1,17,5,8,0,17,1836,2245,0.289,0.323,0.499,48.2,54.6,7.7,0.468,19.7,0.198,667,1618,0.412,181,523,0.346,321,468,0.686,300,979,364,143,72,451,519,2016
"4336",4336,272,"Seattle",30,13,17,0.433,-8.36,-3.95,5,9,9,7,3,9,2091,2141,0.348,0.459,0.545,47.1,66.8,6.1,0.512,18.5,0.246,713,1646,0.433,260,756,0.344,405,573,0.707,223,1011,476,199,62,436,568,2016
"4341",4341,277,"South Carolina Upstate",33,17,16,0.515,-7.64,-5.23,7,7,8,8,7,8,2575,2530,0.312,0.402,0.549,51.4,54.3,7.9,0.528,15.2,0.205,936,2042,0.458,284,821,0.346,419,638,0.657,396,1279,508,179,104,421,545,2016
"4343",4343,279,"South Dakota State",35,18,17,0.514,-2.3,-0.66,8,8,11,3,3,12,2683,2697,0.404,0.456,0.581,50.7,52.1,7.2,0.537,16.4,0.311,881,1938,0.455,318,883,0.36,603,782,0.771,316,1229,459,180,83,453,584,2016
"4344",4344,280,"South Dakota",34,22,12,0.647,-0.42,-2.08,12,4,13,1,7,7,2639,2513,0.417,0.321,0.539,50.7,45.8,8.8,0.499,14.1,0.294,907,2044,0.444,224,657,0.341,601,852,0.705,355,1268,415,231,115,402,657,2016
"4349",4349,285,"SIU Edwardsville",30,6,24,0.2,-12.25,-3.29,1,15,3,10,2,13,2044,2282,0.463,0.288,0.497,50.5,44.4,7.4,0.45,17.5,0.313,687,1686,0.407,142,486,0.292,528,780,0.677,353,1073,305,142,85,436,657,2016
"4386",4386,322,"Utah Valley",34,17,17,0.5,-1.22,-2.44,6,8,8,5,8,11,2615,2479,0.378,0.462,0.547,51.2,59.8,8.6,0.511,17.9,0.268,886,2028,0.437,300,937,0.32,543,767,0.708,306,1350,530,216,123,522,667,2016
"4416",4416,1,"Abilene Christian",32,16,16,0.5,-9.14,-6.82,8,10,9,6,6,9,2359,2279,0.309,0.35,0.549,49.7,55.4,11.6,0.521,17.7,0.217,870,1874,0.464,213,656,0.325,406,579,0.701,305,1093,482,260,128,461,671,2017
"4448",4448,33,"Bryant",31,3,28,0.097,-18.75,-5.43,2,16,1,11,2,17,2169,2582,0.278,0.401,0.509,44.7,54.1,3.9,0.479,15.9,0.196,771,1881,0.41,259,755,0.343,368,522,0.705,312,1000,417,190,43,401,600,2017
"4453",4453,38,"Cal State Bakersfield",30,12,18,0.4,-6.58,-0.73,5,9,8,4,3,12,1981,2068,0.346,0.367,0.509,51.4,55.5,9.6,0.473,17.6,0.241,697,1670,0.417,185,613,0.302,402,578,0.696,341,1068,387,182,87,416,597,2017
"4456",4456,41,"UC-Davis",33,22,11,0.667,0.94,-1.84,12,4,10,2,9,7,2388,2241,0.393,0.319,0.561,48.4,49,6.9,0.525,16.7,0.282,834,1792,0.465,213,572,0.372,505,705,0.716,267,1064,409,233,77,425,644,2017
"4463",4463,48,"Central Arkansas",35,18,17,0.514,-5.83,-5.97,10,8,9,5,8,11,2819,2766,0.361,0.372,0.557,47.5,57.8,12.1,0.519,15.9,0.265,980,2162,0.453,286,804,0.356,573,780,0.735,354,1271,566,233,180,480,690,2017
"4509",4509,94,"Florida Gulf Coast",35,23,12,0.657,1.93,-5.44,12,2,14,6,9,6,2847,2515,0.321,0.33,0.583,53.8,51.2,7.6,0.554,16.8,0.238,1045,2117,0.494,254,699,0.363,503,680,0.74,368,1338,535,256,97,494,653,2017
"4526",4526,111,"Grand Canyon",34,22,12,0.647,3.76,-4.81,9,5,16,3,3,7,2512,2213,0.394,0.391,0.531,51.4,63.2,10.1,0.492,16,0.277,855,1992,0.429,251,779,0.322,551,785,0.702,403,1310,540,211,134,450,685,2017
"4535",4535,120,"Houston Baptist",31,6,25,0.194,-16.14,-3.96,2,16,5,8,1,16,2382,2617,0.345,0.329,0.497,50.9,50.2,7.5,0.471,15.5,0.215,860,2058,0.418,219,677,0.323,443,710,0.624,471,1219,432,206,90,438,605,2017
"4543",4543,128,"Incarnate Word",28,7,21,0.25,-17.71,-5.04,2,16,6,9,1,12,1978,2163,0.402,0.315,0.53,47.6,46.3,12.3,0.481,19.2,0.3,671,1566,0.428,166,493,0.337,470,630,0.746,279,976,311,169,143,442,521,2017
"4549",4549,134,"Purdue-Fort Wayne",33,18,15,0.545,-1.49,-3.24,7,7,13,3,4,10,2716,2535,0.315,0.446,0.57,49.6,50.8,8.8,0.541,14.1,0.227,953,2073,0.46,339,925,0.366,471,654,0.72,315,1157,484,264,110,391,538,2017
"4557",4557,142,"Kennesaw State",30,10,20,0.333,-11.17,-4.31,6,8,8,6,2,14,2182,2328,0.337,0.247,0.531,48.3,55.4,7.8,0.5,16.6,0.233,805,1771,0.455,160,438,0.365,412,597,0.69,306,987,446,216,93,409,540,2017
"4568",4568,153,"Longwood",33,7,26,0.212,-18.31,-4.31,3,15,5,11,2,13,2088,2445,0.335,0.392,0.511,46.2,44.9,9.1,0.477,20.2,0.23,728,1764,0.413,226,691,0.327,406,591,0.687,263,1070,327,218,103,516,575,2017
"4585",4585,170,"Massachusetts-Lowell",30,12,18,0.4,-9.54,-5.78,6,10,9,7,3,11,2286,2356,0.401,0.361,0.558,47,55,7.2,0.523,16.5,0.284,791,1719,0.46,215,621,0.346,489,690,0.709,282,969,435,210,86,405,538,2017
"4611",4611,196,"Omaha",31,9,22,0.29,-9.88,0.33,4,10,8,4,1,15,2373,2588,0.27,0.363,0.55,47.9,46.2,6.7,0.525,15.9,0.191,877,1913,0.458,254,694,0.366,365,517,0.706,280,1044,405,177,83,409,498,2017
"4618",4618,203,"New Orleans",33,16,17,0.485,-9.01,-5.78,11,7,10,3,5,13,2297,2322,0.42,0.247,0.533,51.2,59.3,9.9,0.497,18.8,0.283,815,1798,0.453,159,444,0.358,508,755,0.673,367,1128,483,238,116,498,622,2017
"4621",4621,206,"NJIT",30,14,16,0.467,-7.25,-5.53,7,7,10,7,4,9,2248,2197,0.321,0.362,0.541,50.6,51.6,8.4,0.514,16.1,0.22,808,1803,0.448,236,653,0.361,396,579,0.684,331,1063,417,246,97,399,556,2017
"4625",4625,210,"North Carolina Central",35,19,16,0.543,-13.19,-12.31,9,7,12,2,3,13,2520,2425,0.29,0.311,0.538,53.4,57.4,9.4,0.512,17.4,0.199,949,2060,0.461,212,640,0.331,410,597,0.687,410,1336,545,179,117,495,650,2017
"4630",4630,215,"North Dakota State",32,15,17,0.469,-1.86,-1.58,5,9,8,6,5,10,2382,2264,0.305,0.436,0.583,50.9,50.4,6.2,0.552,16.5,0.232,837,1783,0.469,294,778,0.378,414,544,0.761,231,1102,422,145,76,402,556,2017
"4631",4631,216,"North Dakota",32,12,20,0.375,-7.63,-0.2,6,12,7,6,2,13,2427,2612,0.353,0.365,0.553,45,47.6,4.7,0.521,16,0.249,863,1879,0.459,233,685,0.34,468,663,0.706,225,984,411,253,59,417,605,2017
"4632",4632,217,"North Florida",33,14,19,0.424,-11.4,-1.74,7,7,10,2,4,17,2668,2873,0.277,0.459,0.573,46.4,52.2,7.5,0.543,17,0.21,939,2058,0.456,357,945,0.378,433,570,0.76,313,1159,490,173,126,478,505,2017
"4636",4636,221,"Northern Colorado",38,26,12,0.684,3.61,-2.27,11,7,14,3,7,8,3080,2776,0.334,0.396,0.566,51.3,41.1,8.1,0.542,14.6,0.23,1104,2347,0.47,334,930,0.359,540,784,0.689,356,1430,454,203,139,465,722,2017
"4639",4639,224,"Northern Kentucky",32,22,10,0.688,4.83,-4.07,15,3,12,2,8,6,2486,2112,0.312,0.4,0.572,52.6,58.2,8.7,0.543,15.5,0.228,898,1892,0.475,258,756,0.341,432,591,0.731,309,1176,523,236,103,399,586,2017
"4660",4660,245,"Presbyterian",32,11,21,0.344,-14.32,-5.53,4,14,8,8,2,13,2124,2273,0.29,0.439,0.53,47.7,49.1,5.6,0.504,15.5,0.199,749,1760,0.426,276,772,0.358,350,510,0.686,290,1003,368,175,63,368,461,2017
"4687",4687,272,"Seattle",34,20,14,0.588,-2.32,-3.09,8,6,16,3,3,10,2589,2468,0.353,0.427,0.561,52.4,52.6,9.6,0.525,17.3,0.261,881,1975,0.446,312,844,0.37,515,698,0.738,365,1298,463,167,123,484,692,2017
"4692",4692,277,"South Carolina Upstate",32,7,25,0.219,-17.46,-4.35,2,12,6,7,0,17,2424,2723,0.225,0.466,0.535,46.4,51,7,0.511,14,0.163,881,2045,0.431,328,952,0.345,334,460,0.726,335,1062,449,195,86,370,566,2017
"4694",4694,279,"South Dakota State",35,28,7,0.8,6.84,-0.38,13,1,15,0,8,5,2958,2599,0.354,0.432,0.59,52.2,46.6,5.9,0.554,12.3,0.269,1003,2147,0.467,374,927,0.403,578,759,0.762,308,1360,467,172,80,353,562,2017
"4695",4695,280,"South Dakota",35,26,9,0.743,6.17,-2.6,11,3,13,2,9,5,2832,2404,0.346,0.32,0.569,52.5,45.5,5.3,0.533,13.5,0.26,1017,2136,0.476,243,684,0.355,555,740,0.75,353,1319,463,239,69,388,592,2017
"4700",4700,285,"SIU Edwardsville",30,9,21,0.3,-12.43,-3.36,5,13,4,9,5,11,2090,2362,0.33,0.372,0.514,48.8,50.8,7.6,0.478,16.7,0.233,734,1759,0.417,212,654,0.324,410,580,0.707,324,1024,373,144,82,409,645,2017
"4737",4737,322,"Utah Valley",34,23,11,0.676,5.08,-1.76,10,4,16,1,6,9,2657,2310,0.378,0.361,0.587,54.7,59.3,10.6,0.552,17.3,0.28,926,1919,0.483,267,692,0.386,538,725,0.742,351,1297,549,203,140,474,558,2017
