Rk,School,G,TeamW,TeamL,W-L%,SRS,SOS,ConfW,ConfL,HomeW,HomeL,AwayW,AwayL,Tm.,Opp.,Pace,ORtg,FTr,3PAr,TS%,TRB%,AST%,STL%,BLK%,eFG%,TOV%,ORB%,FT/FGA,MP,FG,FGA,FG%,3P,3PA,3P%,FT,FTA,FT%,ORB,TRB,AST,STL,BLK,TOV,PF
1,Air Force NCAA,29,22,7,0.759,9.12,0.08,12,2,13,0,8,5,1737,1475,,,0.373,0.532,0.607,43.4,66,,5.7,0.582,18.2,,0.265,1160,585,1216,0.481,245,647,0.379,322,453,0.711,174,623,386,225,68,318,481
2,Akron,28,13,15,0.464,-0.39,0,7,11,9,4,4,11,2009,2020,,,0.461,0.32,0.552,48.6,60.8,,4.3,0.524,18.4,,0.298,,696,1492,0.466,173,477,0.363,444,688,0.645,314,940,423,207,71,410,544
3,Alabama A&M,30,13,17,0.433,-15.88,-12.29,9,9,8,4,3,12,2113,2220,,,0.4,0.333,0.504,48.8,52.4,,4.5,0.462,18.8,,0.275,,721,1762,0.409,186,586,0.317,485,705,0.688,387,1112,378,220,78,487,650
4,Alabama-Birmingham NCAA,32,22,10,0.688,11.76,5.63,12,4,14,1,5,5,2414,2218,,,0.327,0.322,0.521,46.6,63.9,,6.5,0.493,15.7,,0.218,1285,882,2006,0.44,213,646,0.33,437,656,0.666,401,1119,564,371,115,431,681
5,Alabama State NCAA,31,16,15,0.516,-11.1,-10.78,11,7,7,4,5,9,1904,1913,,,0.454,0.339,0.514,51.9,49.3,,5.8,0.476,22.5,,0.297,,639,1523,0.42,173,517,0.335,453,691,0.656,360,1066,315,219,95,537,581
6,Alabama NCAA,33,20,13,0.606,14.29,10.2,8,8,11,4,4,6,2380,2245,,,0.408,0.342,0.553,50.4,48.6,,5.9,0.516,16.4,,0.289,,813,1802,0.451,233,616,0.378,521,735,0.709,366,1148,395,213,111,423,598
7,Albany (NY),28,5,23,0.179,-15.33,-7.47,3,15,3,10,2,12,1621,1841,,,0.263,0.305,0.483,47.2,52.5,,4,0.446,20.8,,0.194,1140,598,1493,0.401,135,455,0.297,290,393,0.738,286,916,314,188,63,441,474
8,Alcorn State,29,11,18,0.379,-20.17,-11.79,9,9,6,6,4,11,1855,2098,,,0.389,0.303,0.515,49.7,50.9,,3.7,0.478,23.7,,0.264,1160,646,1520,0.425,162,461,0.351,401,592,0.677,329,962,329,179,62,560,565
9,American,31,18,13,0.581,-4.59,-7.04,10,4,7,4,7,8,2092,2016,,,0.391,0.341,0.537,52.1,56.6,,4.4,0.505,18.5,,0.264,,726,1643,0.442,206,560,0.368,434,642,0.676,331,1067,411,240,72,441,564
10,Appalachian State,30,9,21,0.3,-5.83,-1.18,4,12,4,8,4,11,2091,2170,,,0.295,0.334,0.489,47.1,57,,8.2,0.463,18.8,,0.189,1205,766,1875,0.409,204,626,0.326,355,554,0.641,407,1047,437,324,138,494,609
11,Arizona State,27,10,17,0.37,2.83,5.35,4,14,7,8,2,9,2000,2068,,,0.497,0.319,0.54,49.9,65.9,,5.4,0.485,18.1,,0.365,1090,646,1498,0.431,161,478,0.337,547,744,0.735,327,961,426,150,86,408,567
12,Arizona NCAA,30,20,10,0.667,15.3,6.63,11,7,13,2,5,5,2614,2354,,,0.335,0.293,0.582,52.7,59.4,,6.9,0.543,16.6,,0.264,1200,942,1938,0.486,219,568,0.386,511,650,0.786,421,1177,560,206,135,448,483
13,Little Rock,29,17,12,0.586,-1,-3.97,9,5,12,2,3,8,2081,1895,,,0.47,0.292,0.541,53.5,49.9,,6,0.491,19.1,,0.339,1175,697,1574,0.443,153,459,0.333,534,739,0.723,376,1072,348,187,93,454,580
14,Arkansas-Pine Bluff,27,1,26,0.037,-30.69,-8.54,1,17,0,10,1,16,1410,2008,,,0.266,0.328,0.421,44.3,52.6,,4.1,0.39,23.6,,0.17,1080,511,1485,0.344,136,487,0.279,252,395,0.638,292,936,269,149,66,518,568
15,Arkansas State,28,17,11,0.607,-1.57,-4.42,7,7,10,4,6,5,2078,1957,,,0.406,0.348,0.551,50.6,44.6,,5.1,0.509,18.7,,0.296,1135,707,1581,0.447,196,550,0.356,468,642,0.729,359,1017,315,190,80,434,576
16,Arkansas,28,12,16,0.429,6.53,6.28,4,12,10,6,1,8,1928,1921,,,0.354,0.352,0.507,48.5,53.5,,7.1,0.471,16.9,,0.241,1130,678,1629,0.416,180,573,0.314,392,577,0.679,365,967,363,220,108,386,555
17,Army,27,6,21,0.222,-22.76,-7.72,3,11,4,11,2,8,1363,1708,,,0.363,0.374,0.462,43.6,59.3,,3.7,0.423,23.9,,0.238,,455,1257,0.362,154,470,0.328,299,456,0.656,186,782,270,170,52,463,493
18,Auburn,28,14,14,0.5,10.32,5.89,5,11,12,5,1,8,1960,1836,,,0.354,0.34,0.525,53.2,61,,8.8,0.496,19.3,,0.235,1125,700,1598,0.438,185,543,0.341,375,566,0.663,415,1043,427,244,134,447,473
19,Austin Peay,32,22,10,0.688,1.42,-1.38,16,0,13,0,8,8,2098,1935,,,0.378,0.332,0.532,51.4,54.8,,7.7,0.496,18.2,,0.262,1280,739,1673,0.442,182,556,0.327,438,632,0.693,318,1090,405,218,130,440,558
20,Ball State,29,14,15,0.483,1.03,1.78,10,8,10,5,4,9,2046,2032,,,0.406,0.267,0.518,48.8,51.9,,3.9,0.469,16.1,,0.296,1175,703,1657,0.424,149,443,0.336,491,672,0.731,344,1023,365,174,63,379,589
21,Baylor,29,8,21,0.276,-2.73,5.2,3,13,6,11,1,9,1847,2041,,,0.345,0.347,0.515,48.3,53.5,,4.6,0.481,19.9,,0.238,1175,656,1540,0.426,168,534,0.315,367,531,0.691,355,924,351,214,74,446,465
22,Belmont,30,21,9,0.7,1.7,-4.68,15,5,12,4,9,5,2171,1947,,,0.346,0.501,0.57,48.5,66.3,,4.3,0.546,18.7,,0.237,1225,745,1634,0.456,293,818,0.358,388,566,0.686,292,995,494,269,72,437,539
23,Bethune-Cookman,29,8,21,0.276,-18.49,-10.63,7,11,5,6,3,14,1711,1939,,,0.298,0.36,0.484,47.9,50.5,,4,0.448,20.7,,0.209,,606,1549,0.391,176,558,0.315,323,462,0.699,311,927,306,241,61,461,532
24,Binghamton,30,14,16,0.467,-9.09,-6.33,10,8,6,5,6,7,1802,1885,,,0.385,0.328,0.492,51.3,49.8,,9.9,0.459,21.7,,0.246,1205,630,1549,0.407,161,508,0.317,381,596,0.639,357,1057,314,202,157,509,564
25,Birmingham-Southern,27,20,7,0.741,-3.27,-9.79,12,4,12,1,7,5,1998,1760,,,0.402,0.4,0.594,54.4,62.6,,6,0.568,20.3,,0.28,,680,1412,0.482,243,565,0.43,395,568,0.695,,963,426,205,87,428,520
26,Boise State,33,23,10,0.697,8.85,4.14,12,6,13,4,10,5,2431,2227,,,0.36,0.336,0.545,50.5,54.1,,5.7,0.506,16.1,,0.266,1325,852,1904,0.447,221,639,0.346,506,686,0.738,380,1136,461,212,105,428,567
27,Boston College NCAA,34,24,10,0.706,11.99,7.17,10,6,13,3,5,5,2312,2148,,,0.447,0.218,0.53,52.2,66.3,,5.2,0.491,17.3,,0.304,1380,819,1799,0.455,128,393,0.326,546,804,0.679,425,1224,543,241,102,457,537
28,Boston University,29,23,6,0.793,1.12,-5.91,17,1,11,3,12,3,1930,1726,,,0.328,0.336,0.516,50.8,60.6,,7.2,0.483,15.8,,0.227,1170,693,1617,0.429,177,543,0.326,367,530,0.692,337,1007,420,228,105,351,537
29,Bowling Green State,31,14,17,0.452,-1.26,0.5,8,10,11,4,2,10,2194,2206,,,0.442,0.339,0.564,50.9,65.2,,7,0.511,20.7,,0.342,1250,721,1609,0.448,201,545,0.369,551,711,0.775,323,1061,470,167,120,509,739
30,Bradley,31,15,16,0.484,-0.08,1.92,7,11,11,4,3,10,2058,2126,,,0.445,0.355,0.515,49.2,56.8,,3.5,0.463,19.6,,0.323,,667,1649,0.404,192,585,0.328,532,734,0.725,333,1048,379,223,57,486,685
31,Brigham Young NCAA,30,21,9,0.7,12.7,6.31,10,4,13,0,5,7,2200,1966,,,0.44,0.31,0.579,54.4,58.2,,6.3,0.541,17.7,,0.319,1205,764,1571,0.486,171,487,0.351,501,692,0.724,316,1017,445,208,98,409,566
32,Brown,27,14,13,0.519,-5.4,-4.17,10,4,7,4,6,9,1956,1966,,,0.312,0.365,0.546,46.7,60.6,,5.4,0.517,18.7,,0.219,1090,703,1561,0.45,208,570,0.365,342,487,0.702,252,891,426,240,85,412,499
33,Bucknell,29,14,15,0.483,-4.21,-6.65,9,5,10,2,2,11,1883,1759,,,0.414,0.332,0.541,53.6,56,,4.8,0.509,21.8,,0.277,1165,670,1454,0.461,140,483,0.29,403,602,0.669,297,1002,375,244,71,484,561
34,Buffalo,29,17,12,0.586,2.36,-1.19,11,7,9,5,8,6,2175,2072,,,0.397,0.296,0.548,52.3,49.7,,5.4,0.518,18,,0.267,,771,1669,0.462,187,494,0.379,446,663,0.673,369,1038,383,232,83,436,633
35,Butler,30,16,14,0.533,1.8,-0.03,8,8,11,4,4,9,1872,1805,,,0.282,0.46,0.531,49.3,52.5,,4.3,0.495,14.9,,0.216,,646,1554,0.416,245,715,0.343,335,439,0.763,287,887,339,160,59,308,567
36,Cal Poly,27,11,16,0.407,-3.39,-0.2,6,12,8,5,3,10,1901,1977,,,0.347,0.326,0.532,47,53.5,,5.5,0.498,18.7,,0.243,1085,681,1534,0.444,166,500,0.332,373,533,0.7,280,909,364,207,88,410,519
37,Cal State Fullerton,28,11,17,0.393,-4.03,-0.81,7,11,8,6,3,10,1983,2050,,,0.359,0.327,0.517,54.2,58.2,,3.5,0.483,18.5,,0.245,,693,1637,0.423,196,535,0.366,401,588,0.682,411,1067,403,184,52,435,579
38,Cal State Northridge,30,14,16,0.467,-1.9,-0.46,7,11,7,6,4,9,2045,2063,,,0.393,0.32,0.537,48.4,52.9,,4.7,0.495,20.5,,0.284,1205,707,1605,0.44,175,513,0.341,456,631,0.723,331,904,374,298,70,492,632
39,UC-Irvine,28,11,17,0.393,-3.33,-0.1,6,12,7,5,1,11,1782,1852,,,0.439,0.304,0.548,51.8,62.5,,4.7,0.512,21.6,,0.301,1135,611,1345,0.454,155,409,0.379,405,591,0.685,286,924,382,158,70,449,542
40,UC-Riverside,28,11,17,0.393,-3.62,-0.21,7,11,8,4,2,12,1932,1973,,,0.353,0.37,0.538,47.2,51,,5.7,0.502,17.8,,0.252,1145,681,1537,0.443,182,569,0.32,388,542,0.716,271,868,347,179,86,389,540
41,UC-Santa Barbara,28,16,12,0.571,2.4,-0.63,10,8,10,2,5,6,1847,1735,,,0.396,0.293,0.535,52.9,59.1,,4.1,0.504,19.3,,0.262,,651,1453,0.448,164,426,0.385,381,576,0.661,322,972,385,191,58,414,526
42,University of California,28,13,15,0.464,6.29,6.65,9,9,11,4,2,9,1873,1883,,,0.409,0.266,0.508,51.5,57.2,,5.6,0.478,17.6,,0.256,1125,675,1544,0.437,127,410,0.31,396,631,0.628,346,984,386,173,84,394,540
43,Campbell,27,3,24,0.111,-21.16,-4.49,3,17,3,9,0,15,1858,2308,,,0.303,0.303,0.472,47.6,53.9,,2.3,0.44,18.9,,0.2,1080,679,1722,0.394,156,521,0.299,344,521,0.66,368,1001,366,209,38,458,592
44,Canisius,30,10,20,0.333,-6.2,-2.75,5,13,3,9,6,9,2064,2169,,,0.3,0.311,0.516,49.3,60,,5,0.495,18.2,,0.189,1210,763,1750,0.436,207,544,0.381,331,525,0.63,362,1114,458,177,90,446,572
45,Centenary (LA),28,16,12,0.571,-2.43,-2.39,10,6,13,0,3,10,1966,1905,,,0.433,0.282,0.565,49.9,51.6,,6,0.525,19.4,,0.311,,684,1444,0.474,149,407,0.366,449,625,0.718,,852,353,247,85,420,616
46,Central Connecticut State,28,14,14,0.5,-6.69,-7.98,9,9,5,7,6,7,1979,1943,,,0.346,0.277,0.537,52.8,55.5,,3.5,0.515,18.6,,0.222,1140,732,1582,0.463,164,438,0.374,351,548,0.641,368,976,406,205,55,422,447
47,Central Florida NCAA,31,25,6,0.806,1.86,-5.87,17,3,12,1,11,3,2181,1916,,,0.294,0.38,0.552,53.3,65.7,,8.6,0.524,19.3,,0.211,,792,1732,0.457,232,658,0.353,365,510,0.716,382,1129,520,279,141,473,574
48,Central Michigan,30,6,24,0.2,-9.38,1.52,2,16,5,8,1,12,2116,2411,,,0.374,0.362,0.533,45.9,59.6,,3.4,0.501,21.1,,0.254,,735,1686,0.436,218,611,0.357,428,631,0.678,303,962,438,186,59,531,672
49,Charleston Southern,28,6,22,0.214,-15.23,-6.96,3,13,5,6,1,13,1660,1841,,,0.28,0.307,0.494,47.9,59.3,,7.1,0.47,20.6,,0.178,,627,1484,0.423,142,455,0.312,264,416,0.635,291,898,372,205,103,435,564
50,Charlotte NCAA,30,21,9,0.7,12.24,4.7,12,4,10,3,10,4,2374,2148,,,0.442,0.378,0.543,53,59.6,,5,0.514,17.3,,0.287,1225,812,1805,0.45,232,682,0.34,518,798,0.649,441,1220,484,264,90,458,570
51,Chattanooga,30,19,11,0.633,-1.39,-2.98,10,6,10,4,7,6,2463,2260,,,0.396,0.351,0.592,53.5,62.1,,4.1,0.558,18.7,,0.291,,861,1751,0.492,231,615,0.376,510,694,0.735,369,1067,535,250,72,480,515
52,Chicago State,32,12,20,0.375,-6.08,0.14,9,7,8,3,3,14,2107,2269,,,0.39,0.231,0.516,47.1,48.9,,5.7,0.476,17.7,,0.273,,746,1721,0.433,145,398,0.364,470,671,0.7,372,997,365,227,95,440,701
53,Cincinnati NCAA,32,25,7,0.781,18.75,6.28,12,4,18,1,6,5,2455,2056,,,0.382,0.323,0.549,52.9,59.6,,9.8,0.521,14.9,,0.256,1285,867,1893,0.458,237,612,0.387,484,723,0.669,420,1197,517,241,168,393,620
54,Citadel,28,6,22,0.214,-19.9,-3.36,2,14,5,11,1,10,1640,2003,,,0.266,0.39,0.462,47.1,51.9,,6.1,0.431,21.1,,0.18,,586,1575,0.372,185,614,0.301,283,419,0.675,334,951,304,213,93,475,583
55,Clemson,28,10,18,0.357,5.87,11.12,3,13,10,6,0,11,1839,1986,,,0.429,0.278,0.508,52.8,55.3,,7.6,0.476,22.9,,0.271,1130,649,1504,0.432,134,418,0.321,407,645,0.631,398,1050,359,191,125,537,523
56,Cleveland State,29,4,25,0.138,-10.32,0.46,0,16,2,11,2,12,1871,2131,,,0.399,0.321,0.493,49.6,51.3,,6.9,0.458,22,,0.258,1160,651,1594,0.408,158,512,0.309,411,636,0.646,375,1040,334,199,117,534,606
57,Coastal Carolina,29,14,15,0.483,-7.13,-6.79,8,8,9,5,5,9,2061,1997,,,0.321,0.306,0.53,52.6,57,,3.5,0.498,19.4,,0.227,,742,1686,0.44,194,516,0.376,383,541,0.708,366,1090,423,223,58,469,564
58,Colgate,29,15,14,0.517,-10.81,-7.59,6,8,9,4,5,9,1968,1987,,,0.34,0.331,0.522,50,55.5,,3.2,0.487,17.3,,0.237,,696,1624,0.429,191,537,0.356,385,552,0.697,323,987,386,200,51,395,520
59,College of Charleston,29,20,9,0.69,1.14,-3.97,11,5,11,1,7,7,2134,1966,,,0.349,0.386,0.547,49,56,,7.7,0.514,18.2,,0.248,,739,1673,0.442,241,646,0.373,415,584,0.711,305,1045,414,228,132,434,544
60,Colorado State,29,13,16,0.448,1.98,4.87,4,10,8,4,3,10,2036,2086,,,0.487,0.265,0.55,50.7,57.2,,8.6,0.504,21.1,,0.347,1180,690,1503,0.459,135,399,0.338,521,732,0.712,300,1015,395,172,140,494,689
61,Colorado,29,18,11,0.621,9.68,7.18,10,6,12,3,6,7,2151,2051,,,0.44,0.309,0.544,52.2,53.2,,9.9,0.521,17.6,,0.273,,758,1635,0.464,188,505,0.372,447,720,0.621,363,1122,403,172,174,423,519
62,Columbia,27,10,17,0.37,-9.53,-5.3,6,8,5,6,4,10,1824,1902,,,0.337,0.381,0.541,50.3,67,,2.7,0.508,23,,0.239,,633,1453,0.436,211,553,0.382,347,489,0.71,279,894,424,201,37,504,629
63,Connecticut NCAA,39,33,6,0.846,22.64,7.77,12,4,17,1,6,4,3073,2493,,,0.345,0.258,0.549,56.1,59,,12.6,0.532,16,,0.215,1565,1154,2403,0.48,249,619,0.402,516,828,0.623,586,1742,681,233,315,532,624
64,Coppin State,32,18,14,0.563,-8.03,-8.68,14,4,9,1,6,10,1969,1948,,,0.379,0.349,0.507,51.4,52.7,,6.5,0.472,19.8,,0.253,,672,1645,0.409,208,574,0.362,417,623,0.669,350,1103,354,203,105,478,569
65,Cornell,27,11,16,0.407,-6.19,-5.69,6,8,5,7,5,9,1904,1885,,,0.385,0.344,0.518,51.5,52,,5.7,0.481,17.9,,0.264,,659,1553,0.424,176,535,0.329,410,598,0.686,348,1015,343,236,88,401,499
66,Creighton,29,20,9,0.69,8.51,1.89,12,6,14,2,6,6,1984,1792,,,0.399,0.298,0.546,51.6,57.1,,7.3,0.51,17.7,,0.278,1175,692,1528,0.453,175,455,0.385,425,609,0.698,303,991,395,195,113,392,508
67,Dartmouth,28,3,25,0.107,-18.29,-6.17,1,13,2,10,1,13,1594,1876,,,0.295,0.387,0.507,44.1,53.8,,6.9,0.473,20.2,,0.211,1125,561,1378,0.407,181,533,0.34,291,407,0.715,170,805,302,151,103,397,485
68,Davidson,29,17,12,0.586,-1.76,-0.99,11,5,13,1,3,10,2119,2054,,,0.36,0.379,0.545,53.6,59.2,,2.1,0.509,20.6,,0.259,1160,732,1659,0.441,226,629,0.359,429,598,0.717,361,1115,433,169,35,503,578
69,Dayton NCAA,33,24,9,0.727,7.11,3.57,12,4,15,2,6,5,2244,2127,,,0.411,0.369,0.538,55,62.7,,5,0.506,18.3,,0.273,1335,780,1746,0.447,207,644,0.321,477,717,0.665,409,1266,489,150,94,467,577
70,Delaware State,28,13,15,0.464,-8.44,-7.97,11,7,7,3,5,11,1721,1734,,,0.474,0.351,0.545,48.4,51.7,,5.2,0.503,21.3,,0.328,1135,574,1289,0.445,150,453,0.331,423,611,0.692,265,810,297,189,73,427,492
71,Delaware,28,16,12,0.571,-0.66,-1.95,10,8,10,3,6,8,1987,1951,,,0.386,0.28,0.52,50.7,52.4,,7,0.482,19.9,,0.267,1150,695,1615,0.43,166,452,0.367,431,624,0.691,338,1054,364,237,111,474,624
72,Denver,27,14,13,0.519,-2.37,-1.67,6,9,9,4,5,9,1877,1879,,,0.364,0.324,0.527,49.9,58.4,,6.1,0.493,17.2,,0.25,1100,656,1518,0.432,185,492,0.376,380,553,0.687,309,960,383,185,94,371,508
73,DePaul NCAA,32,22,10,0.688,9.06,6.38,12,4,11,4,7,5,2257,2171,,,0.382,0.256,0.544,53.1,53.8,,4.1,0.51,16.9,,0.267,1300,813,1755,0.463,163,450,0.362,468,671,0.697,382,1159,437,176,74,422,562
74,Detroit Mercy,30,19,11,0.633,5.74,0.37,10,6,12,3,6,7,1948,1787,,,0.323,0.316,0.543,52.8,59,,5.8,0.514,18.4,,0.224,1210,714,1555,0.459,172,492,0.35,348,502,0.693,331,951,421,213,83,405,564
75,Drake,28,12,16,0.429,-0.07,2.15,7,11,7,6,4,9,1956,2001,,,0.438,0.348,0.505,47.8,51.6,,3.8,0.461,18.9,,0.299,,651,1602,0.406,175,558,0.314,479,702,0.682,361,933,336,321,57,451,519
76,Drexel,29,18,11,0.621,3.54,-1.22,13,5,10,2,7,6,2113,1975,,,0.364,0.336,0.552,48.4,62.1,,6.7,0.524,16.4,,0.245,1170,750,1633,0.459,213,549,0.388,400,594,0.673,277,993,466,228,110,375,566
77,Duke NCAA,37,31,6,0.838,25.67,10.86,13,3,14,1,8,2,2954,2406,,,0.412,0.334,0.572,51.6,52.7,,11.1,0.532,16.5,,0.303,1490,1018,2161,0.471,263,722,0.364,655,890,0.736,474,1351,536,340,240,511,699
78,Duquesne,29,12,17,0.414,1.16,2.23,6,10,8,8,3,9,2040,2071,,,0.375,0.321,0.54,49.1,61,,5.9,0.508,18.4,,0.255,1175,728,1604,0.454,175,515,0.34,409,602,0.679,310,1010,444,173,99,427,565
79,East Carolina,27,13,14,0.481,5.16,2.16,5,11,10,5,2,8,1905,1786,,,0.439,0.262,0.517,53.5,48.6,,8.2,0.481,18,,0.287,1085,667,1525,0.437,133,400,0.333,438,670,0.654,370,1073,324,183,125,404,535
80,East Tennessee State NCAA,33,27,6,0.818,4.19,-3.15,15,1,12,0,11,3,2618,2291,,,0.37,0.282,0.541,50,53.4,,9.3,0.508,17.5,,0.255,1325,946,2059,0.459,201,580,0.347,525,762,0.689,411,1269,505,382,192,514,557
81,Eastern Illinois,27,6,21,0.222,-11.05,-2.64,4,12,5,8,1,13,1850,2020,,,0.301,0.274,0.518,50.8,57.3,,4.3,0.488,19.6,,0.208,1085,693,1562,0.444,139,428,0.325,325,470,0.691,317,940,397,192,64,436,588
82,Eastern Kentucky,29,14,15,0.483,-5.85,-5.07,8,8,11,3,3,11,2125,2071,,,0.409,0.317,0.551,51.5,62.6,,4.3,0.526,19.3,,0.264,1175,755,1615,0.467,189,512,0.369,426,660,0.645,330,994,473,213,69,462,590
83,Eastern Michigan,28,13,15,0.464,-3.98,-1.14,7,11,8,5,5,9,1986,1968,,,0.464,0.252,0.536,51.4,53.4,,5.4,0.503,20.6,,0.304,,697,1517,0.459,131,383,0.342,461,704,0.655,331,997,372,213,83,479,579
84,Eastern Washington NCAA,30,17,13,0.567,0.83,-0.34,11,3,11,1,6,9,2102,2035,,,0.386,0.31,0.564,49.6,64.3,,3.1,0.531,19.6,,0.273,1215,747,1574,0.475,179,488,0.367,429,608,0.706,279,918,480,192,49,453,605
85,Elon,30,12,18,0.4,-9.45,-2.95,7,9,10,3,1,12,2067,2200,,,0.281,0.34,0.511,50.8,58.7,,4.1,0.48,20.2,,0.199,1220,750,1783,0.421,212,606,0.35,355,501,0.709,414,1086,440,267,68,512,579
86,Evansville,29,7,22,0.241,-3.68,3.25,5,13,4,8,2,13,1962,2163,,,0.369,0.367,0.547,49.1,62.8,,5,0.521,20.1,,0.244,,691,1525,0.453,208,560,0.371,372,562,0.662,251,979,434,113,83,451,605
87,Fairfield,30,19,11,0.633,1.02,-2.38,12,6,8,3,9,7,2028,1926,,,0.372,0.276,0.517,51.1,54.2,,7.9,0.471,17.8,,0.274,,706,1668,0.423,159,460,0.346,457,620,0.737,374,1072,383,214,128,426,542
88,Fairleigh Dickinson,29,17,12,0.586,-7.11,-7.65,11,7,10,3,7,8,2012,1975,,,0.278,0.341,0.516,46.7,53.9,,8.1,0.488,15.2,,0.192,1175,739,1722,0.429,203,588,0.345,331,479,0.691,330,955,398,211,125,350,575
89,Florida A&M NCAA,32,15,17,0.469,-9.85,-7.94,10,8,8,4,3,12,2311,2372,,,0.428,0.434,0.533,47.5,54.2,,2.9,0.49,19.9,,0.303,,747,1802,0.415,271,782,0.347,546,771,0.708,,1089,405,271,51,537,693
90,Florida Atlantic,28,9,19,0.321,-7.22,-5.68,6,14,6,8,3,10,2157,2154,,,0.287,0.329,0.518,49.9,52.9,,6.1,0.493,17.4,,0.189,1145,800,1834,0.436,210,604,0.348,347,526,0.66,405,1063,423,260,101,440,596
91,Florida International,27,5,22,0.185,-15.26,-1.54,1,13,5,9,0,13,1515,1842,,,0.391,0.298,0.482,48.7,45.4,,5.2,0.447,24.7,,0.25,1085,535,1325,0.404,114,395,0.289,331,518,0.639,294,877,243,160,76,514,511
92,Florida State,33,19,14,0.576,14.46,8.3,6,10,15,3,3,11,2359,2148,,,0.339,0.424,0.546,50.8,60.5,,6.8,0.518,19.4,,0.233,,815,1859,0.438,296,788,0.376,433,631,0.686,387,1192,493,291,125,519,627
93,Florida NCAA,31,20,11,0.645,16.29,9.19,9,7,11,4,4,5,2369,2149,,,0.358,0.385,0.589,50.6,59.3,,5.5,0.555,18.4,,0.269,1250,829,1719,0.482,249,661,0.377,462,616,0.75,306,1081,492,200,98,454,586
94,Fordham,28,6,22,0.214,-8.22,3.89,3,13,5,7,1,14,1735,2074,,,0.313,0.423,0.488,43.5,56.7,,4.4,0.47,20.6,,0.181,1125,623,1549,0.402,209,655,0.319,280,485,0.577,306,879,353,220,72,461,523
95,Fresno State,29,14,15,0.483,5.75,5.11,10,8,8,9,6,6,1822,1791,,,0.335,0.341,0.529,54.5,62.1,,5.4,0.496,18.8,,0.236,,643,1485,0.433,186,507,0.367,350,497,0.704,328,1027,399,149,84,398,458
96,Furman,29,17,12,0.586,-2.12,-5.81,8,8,10,4,6,7,2123,1940,,,0.359,0.361,0.547,51.8,60.8,,5.9,0.514,19,,0.252,1165,747,1658,0.451,212,598,0.355,417,596,0.7,330,1083,454,240,99,454,517
97,Gardner-Webb,29,9,20,0.31,-11.42,-4.05,6,14,5,7,3,13,1964,2122,,,0.247,0.401,0.512,50.4,61,,4.3,0.484,20.1,,0.176,1165,715,1716,0.417,232,688,0.337,302,424,0.712,354,1061,436,190,75,483,513
98,George Mason,33,23,10,0.697,4.01,0.37,12,6,14,1,7,9,2364,2244,,,0.397,0.343,0.53,49.4,55.2,,5.1,0.495,18.7,,0.268,1340,825,1878,0.439,211,645,0.327,503,745,0.675,385,1168,455,281,98,513,593
99,George Washington,30,18,12,0.6,9.06,4.12,11,5,11,2,5,9,2251,2103,,,0.387,0.296,0.549,52.1,56.6,,6.1,0.512,18.6,,0.275,,798,1732,0.461,178,512,0.348,477,670,0.712,400,1090,452,257,102,469,573
100,Georgetown,28,13,15,0.464,4.55,3.3,4,12,10,6,3,8,1883,1848,,,0.355,0.273,0.499,47.9,56,,6.5,0.457,18.3,,0.254,1125,661,1613,0.41,152,440,0.345,409,573,0.714,355,947,370,283,99,423,527
101,Georgia Southern,29,21,8,0.724,-1.2,-6.93,11,5,11,2,8,5,2337,2066,,,0.367,0.332,0.528,50.7,61.9,,7.9,0.493,17.5,,0.253,,821,1886,0.435,218,626,0.348,477,692,0.689,424,1140,508,327,128,471,642
102,Georgia State,29,20,9,0.69,0.03,-5,14,6,10,3,8,5,2169,1984,,,0.336,0.357,0.565,51.6,59.7,,6.1,0.533,18.5,,0.245,1170,776,1656,0.469,212,592,0.358,405,557,0.727,352,1048,463,213,104,437,532
103,Georgia Tech NCAA,38,28,10,0.737,20.66,11.21,9,7,13,3,8,5,2911,2552,,,0.383,0.329,0.557,50.1,56.3,,7.7,0.525,18.1,,0.265,,1029,2213,0.465,267,729,0.366,586,847,0.692,429,1422,579,338,172,578,795
104,Georgia,30,16,14,0.533,8.93,8.17,7,9,14,3,1,10,1995,1972,,,0.442,0.335,0.527,51.9,59.8,,6.2,0.482,19.4,,0.312,1215,664,1564,0.425,179,524,0.342,488,691,0.706,389,1033,397,242,96,456,584
105,Gonzaga NCAA,31,28,3,0.903,18.94,3.32,14,0,14,0,11,0,2536,2052,,,0.41,0.278,0.601,55.8,61.8,,6.1,0.565,16.5,,0.308,,899,1765,0.509,195,491,0.397,543,724,0.75,348,1230,556,192,116,418,500
106,Grambling,29,11,18,0.379,-16.09,-9.94,9,9,6,5,5,11,2030,2164,,,0.358,0.311,0.514,48.8,63.8,,4.4,0.491,19.8,,0.222,,733,1688,0.434,190,525,0.362,374,605,0.618,343,1039,468,197,73,487,633
107,Green Bay,28,17,11,0.607,-1.15,-0.96,11,5,11,3,6,7,1835,1829,,,0.397,0.334,0.529,48.7,57.5,,4.6,0.487,18.1,,0.285,1130,621,1458,0.426,177,487,0.363,416,579,0.718,274,920,357,165,69,384,526
108,Hampton,30,13,17,0.433,-10.42,-8.72,11,7,7,4,5,9,2057,2108,,,0.408,0.314,0.524,50.7,47.8,,5.5,0.488,21.3,,0.274,,715,1644,0.435,176,516,0.341,451,670,0.673,365,1082,342,193,90,531,679
109,Hartford,29,12,17,0.414,-12.15,-6.15,6,12,7,5,3,10,1815,1964,,,0.314,0.341,0.498,50.7,48.5,,3.7,0.469,20.2,,0.208,1160,660,1585,0.416,166,541,0.307,329,498,0.661,348,1008,320,219,55,461,589
110,Harvard,27,4,23,0.148,-16.19,-4.37,3,11,2,10,2,13,1748,2067,,,0.357,0.343,0.49,48.5,49.3,,5.8,0.447,22.4,,0.253,1095,601,1525,0.394,160,523,0.306,386,545,0.708,327,936,296,212,89,515,571
111,Hawaii,33,21,12,0.636,7.7,4.23,11,7,14,3,5,7,2338,2213,,,0.3,0.298,0.546,49.8,63.2,,5.6,0.517,17.2,,0.215,1340,870,1873,0.464,195,558,0.349,403,562,0.717,381,1115,550,210,105,444,558
112,High Point,30,19,11,0.633,-8.74,-8.7,10,6,11,3,8,8,2160,2104,,,0.383,0.244,0.521,51.5,51.7,,4.3,0.497,20,,0.238,1205,802,1755,0.457,139,429,0.324,417,672,0.621,399,1131,415,268,75,520,615
113,Hofstra,29,14,15,0.483,0.07,0.52,10,8,8,3,6,11,2050,2063,,,0.346,0.299,0.51,53.8,50.9,,6.8,0.482,18.7,,0.223,1160,747,1727,0.433,171,516,0.331,385,597,0.645,435,1131,380,220,110,463,584
114,Holy Cross,28,13,15,0.464,-1.77,-6.69,7,7,9,3,4,10,1767,1641,,,0.393,0.287,0.486,51.2,63.2,,9.4,0.461,17.7,,0.233,1125,631,1531,0.412,149,439,0.339,356,601,0.592,384,969,399,300,126,391,542
115,Houston,27,9,18,0.333,-1.86,3.8,3,13,8,9,1,9,1592,1745,,,0.332,0.334,0.473,47.7,47.2,,10.4,0.443,18.3,,0.21,,570,1453,0.392,147,486,0.302,305,482,0.633,301,943,269,163,151,378,540
116,Howard,28,6,22,0.214,-15.54,-9.87,4,14,2,11,4,9,1683,1842,,,0.312,0.303,0.478,48.2,46.6,,4.6,0.446,20.4,,0.205,1120,611,1533,0.399,146,464,0.315,315,479,0.658,315,949,285,183,66,450,598
117,Idaho State,31,13,18,0.419,-9.1,-1.66,7,7,7,6,3,7,2277,2432,,,0.333,0.285,0.54,42.6,58.5,,6.6,0.517,16.2,,0.216,1250,844,1821,0.463,195,519,0.376,394,606,0.65,245,929,494,253,123,409,571
118,Idaho,30,14,16,0.467,-0.82,0.43,9,9,9,4,3,11,1906,1907,,,0.369,0.301,0.5,49.8,46.4,,6.4,0.453,16.8,,0.267,,657,1623,0.405,158,489,0.323,434,599,0.725,355,986,305,195,94,384,587
119,Illinois-Chicago NCAA,32,24,8,0.75,6,-0.47,12,4,11,1,9,3,2223,2016,,,0.39,0.228,0.522,52.2,57.8,,5.1,0.495,16,,0.248,,810,1797,0.451,158,410,0.385,445,700,0.636,423,1126,468,247,85,405,572
120,Illinois State,29,10,19,0.345,-0.6,3.11,4,14,8,6,1,12,1825,1895,,,0.35,0.318,0.534,48.8,54.9,,5.5,0.502,19.9,,0.24,1170,652,1466,0.445,169,466,0.363,352,513,0.686,260,886,358,203,80,424,567
121,Illinois NCAA,33,26,7,0.788,16.93,7.08,13,3,12,1,7,2,2402,2077,,,0.301,0.349,0.553,52,63.7,,7,0.528,15.6,,0.209,1330,887,1899,0.467,231,662,0.349,397,571,0.695,381,1151,565,224,122,401,618
122,Indiana State,28,9,19,0.321,-1.77,2.02,5,13,6,8,3,9,1623,1729,,,0.317,0.359,0.499,46.8,52.4,,4.6,0.472,18.9,,0.205,1120,578,1412,0.409,178,507,0.351,289,448,0.645,265,841,303,193,65,378,455
123,Indiana,29,14,15,0.483,5.18,7.94,7,9,6,7,6,6,1881,1961,,,0.327,0.38,0.5,49.2,53.6,,6.2,0.459,16.1,,0.236,,646,1628,0.397,204,618,0.33,385,532,0.724,342,1021,346,147,102,360,537
124,Iona,29,11,18,0.379,-5.08,-1.88,8,10,7,5,2,12,2078,2171,,,0.382,0.267,0.52,50.5,57.9,,9.1,0.49,18.6,,0.25,,750,1690,0.444,156,451,0.346,422,645,0.654,360,1109,434,223,161,457,586
125,Iowa State,33,20,13,0.606,9.22,8.06,7,9,17,1,2,10,2461,2398,,,0.353,0.211,0.531,51.1,51.2,,7.1,0.505,17.4,,0.23,1330,925,1983,0.466,154,418,0.368,457,700,0.653,429,1241,474,264,143,487,565
126,Iowa,29,16,13,0.552,8.69,6.18,9,7,11,3,4,8,2071,1998,,,0.475,0.292,0.549,52.5,62.1,,7.7,0.514,20,,0.319,1175,708,1538,0.46,164,449,0.365,491,731,0.672,313,1099,440,208,132,472,541
127,Fort Wayne,28,3,25,0.107,-10.58,1,,,3,7,0,16,1736,2028,,,0.334,0.335,0.502,50.3,57.1,,5.7,0.473,20.1,,0.218,1120,630,1492,0.422,151,500,0.302,325,498,0.653,294,941,360,152,89,435,514
128,IUPUI,32,21,11,0.656,1.43,-2.4,10,6,9,4,8,6,2504,2313,,,0.438,0.355,0.559,52.2,51.6,,3.9,0.521,15.5,,0.308,,845,1855,0.456,242,658,0.368,572,812,0.704,421,1196,436,202,73,412,586
129,Jackson State,29,12,17,0.414,-13.33,-11.09,9,9,8,1,3,15,1836,1902,,,0.424,0.313,0.483,47.8,55.4,,7.2,0.438,20.8,,0.286,,612,1581,0.387,160,495,0.323,452,671,0.674,339,1017,339,288,108,498,649
130,Jacksonville State,28,14,14,0.5,-8.35,-7.7,7,9,12,2,2,12,2092,2076,,,0.37,0.344,0.552,49.2,54.7,,4.6,0.528,17.3,,0.243,1120,750,1612,0.465,201,555,0.362,391,596,0.656,324,956,410,232,72,397,593
131,Jacksonville,28,13,15,0.464,-12.12,-6.62,8,12,9,5,4,8,1988,2069,,,0.397,0.355,0.536,48.8,55.7,,10,0.503,21.2,,0.268,1135,689,1560,0.442,192,554,0.347,418,619,0.675,351,985,384,216,169,499,525
132,James Madison,28,7,21,0.25,-7.99,-1.28,3,15,5,8,2,12,1816,2004,,,0.291,0.345,0.498,45.4,51.1,,4.7,0.466,16.7,,0.201,1125,660,1603,0.412,174,553,0.315,322,466,0.691,316,883,337,208,71,366,536
133,Kansas State,28,14,14,0.5,8.7,4.84,6,10,12,4,2,9,1943,1835,,,0.37,0.231,0.52,52.6,60.3,,4.7,0.485,17.6,,0.252,1135,708,1590,0.445,126,367,0.343,401,589,0.681,359,1067,427,151,76,398,519
134,Kansas NCAA,33,24,9,0.727,17.1,9.44,12,4,13,1,5,5,2503,2218,,,0.386,0.292,0.55,52.8,63.9,,8.4,0.514,17.6,,0.273,1330,895,1923,0.465,188,562,0.335,525,743,0.707,409,1303,572,232,165,485,661
135,Kent State,31,22,9,0.71,7.79,0.79,13,5,11,3,8,5,2256,1987,,,0.323,0.387,0.546,50.5,64.9,,6.7,0.514,16.2,,0.231,,789,1792,0.44,264,693,0.381,414,579,0.715,367,1088,512,239,109,401,589
136,Kentucky NCAA,32,27,5,0.844,18.83,8.55,13,3,11,2,7,2,2365,2036,,,0.343,0.313,0.556,53.6,58.5,,6.3,0.527,18,,0.239,,862,1828,0.472,204,572,0.357,437,627,0.697,371,1160,504,249,110,468,584
137,La Salle,30,10,20,0.333,-1.93,2.9,5,11,5,8,4,6,1953,2098,,,0.363,0.341,0.505,47.9,48.2,,3.6,0.465,17.3,,0.255,,681,1648,0.413,171,562,0.304,420,599,0.701,349,980,328,193,59,405,538
138,Lafayette,28,18,10,0.643,-5.21,-6.37,9,5,11,2,7,7,2118,2035,,,0.403,0.365,0.587,48,58.7,,8.1,0.556,19.2,,0.288,,731,1513,0.483,221,553,0.4,435,610,0.713,249,968,429,155,144,429,505
139,Lamar,29,11,18,0.379,-11.18,-6.18,5,11,11,5,0,11,2294,2315,,,0.355,0.329,0.505,47.3,50.2,,6.8,0.466,16.2,,0.247,1165,808,1945,0.415,198,640,0.309,480,691,0.695,438,1137,406,269,128,438,547
140,Lehigh NCAA,31,20,11,0.645,-7.3,-8.88,10,4,13,1,5,9,2082,1974,,,0.346,0.334,0.52,51.5,56.5,,6.4,0.482,18.4,,0.248,1260,729,1718,0.424,198,573,0.346,426,595,0.716,357,1132,412,229,108,450,577
141,Liberty NCAA,33,18,15,0.545,-3.12,-4.22,12,4,13,2,4,10,2284,2224,,,0.34,0.35,0.514,51.5,56.3,,5.5,0.482,19.2,,0.23,,819,1913,0.428,206,670,0.307,440,651,0.676,441,1235,461,292,104,528,644
142,Lipscomb,28,7,21,0.25,-15.18,-4.52,4,16,5,9,1,12,1945,2170,,,0.416,0.32,0.532,46.9,48.5,,5.4,0.502,19.7,,0.268,,683,1528,0.447,169,489,0.346,410,635,0.646,296,932,331,182,92,448,538
143,Long Beach State,27,6,21,0.222,-10.95,-0.6,4,14,5,8,1,13,1698,1958,,,0.364,0.291,0.495,47.1,55.1,,5,0.462,19.8,,0.238,1085,606,1461,0.415,138,425,0.325,348,532,0.654,316,874,334,131,76,424,514
144,Long Island University,27,8,19,0.296,-14.41,-8.11,4,14,7,6,1,13,1871,2042,,,0.397,0.337,0.514,49.4,54.1,,5.2,0.481,21,,0.261,1085,653,1531,0.427,166,516,0.322,399,608,0.656,317,1017,353,158,90,484,517
145,Louisiana NCAA,29,20,9,0.69,6.24,0.42,12,3,10,1,6,7,2234,2000,,,0.341,0.372,0.56,48.7,59.5,,3.7,0.534,17.4,,0.235,1160,797,1715,0.465,237,638,0.371,403,585,0.689,341,988,474,260,62,419,538
146,Louisiana-Monroe,31,12,19,0.387,-11.58,-4.01,8,8,9,4,3,13,2117,2241,,,0.342,0.298,0.495,49.4,51,,5.7,0.464,20.9,,0.222,1260,761,1840,0.414,187,549,0.341,408,630,0.648,410,1132,388,246,102,565,650
147,Louisiana State,29,18,11,0.621,9.11,6.59,8,8,12,3,4,7,1924,1851,,,0.456,0.336,0.532,52.6,52.7,,7.3,0.498,19.1,,0.299,,656,1487,0.441,168,500,0.336,444,678,0.655,337,1065,346,176,122,426,460
148,Louisiana Tech,30,15,15,0.5,2.27,2.55,8,10,8,5,6,9,2011,1994,,,0.382,0.267,0.508,54.9,46.1,,5.2,0.474,20,,0.252,1220,723,1676,0.431,142,448,0.317,423,641,0.66,413,1180,333,173,88,495,513
149,Louisville NCAA,30,20,10,0.667,18.6,6.97,9,7,13,2,5,6,2195,1846,,,0.365,0.406,0.532,50.2,62.4,,9,0.488,16.7,,0.273,1215,737,1757,0.419,241,713,0.338,480,641,0.749,351,1126,460,249,151,413,616
150,Loyola (IL),29,9,20,0.31,-4.14,1.17,4,12,4,7,4,12,2033,2187,,,0.373,0.277,0.508,49.5,50.4,,7.4,0.476,18.6,,0.243,,742,1701,0.436,136,472,0.288,413,634,0.651,364,1051,374,225,127,456,562
151,Loyola Marymount,29,15,14,0.517,-2.14,0.04,5,9,8,6,5,7,1962,2005,,,0.298,0.22,0.505,48.2,56.4,,7.2,0.474,18.2,,0.206,1175,748,1700,0.44,116,374,0.31,350,507,0.69,341,995,422,208,118,431,565
152,Loyola (MD),28,1,27,0.036,-18.26,-4.12,1,17,1,11,0,13,1678,2074,,,0.313,0.377,0.472,46.7,56.8,,4.7,0.439,19.9,,0.207,1120,585,1548,0.378,188,584,0.322,320,485,0.66,306,935,332,148,76,442,495
153,Maine,30,20,10,0.667,-5.07,-8.39,12,6,9,4,8,6,2056,1881,,,0.41,0.401,0.55,51.3,57.7,,6.8,0.511,19.5,,0.293,1210,692,1563,0.443,214,626,0.342,458,641,0.715,279,1088,399,212,117,452,505
154,Manhattan NCAA,31,25,6,0.806,9.29,-1.26,16,2,13,2,8,3,2311,1984,,,0.463,0.284,0.549,50.9,44.4,,7.8,0.494,15.8,,0.352,,762,1724,0.442,180,489,0.368,607,798,0.761,374,1079,338,287,128,395,636
155,Marist,28,6,22,0.214,-11.69,-2.69,4,14,5,9,0,12,1722,1974,,,0.268,0.321,0.47,48,59.9,,5.2,0.443,17.7,,0.174,1120,638,1625,0.393,163,522,0.312,283,435,0.651,332,964,382,191,80,393,487
156,Marquette,31,19,12,0.613,6.48,4.12,8,8,15,3,4,7,2207,2124,,,0.398,0.335,0.541,53,54.2,,4.4,0.495,18,,0.298,1240,733,1714,0.428,231,575,0.402,510,683,0.747,397,1109,397,178,76,448,603
157,Marshall,29,12,17,0.414,-2.19,2.23,8,10,8,5,4,8,2022,2150,,,0.44,0.326,0.526,50.5,54.4,,4.7,0.483,20.4,,0.306,,680,1590,0.428,176,518,0.34,486,700,0.694,364,1062,370,172,83,492,581
158,Maryland-Baltimore County,28,7,21,0.25,-10.29,-6.61,4,14,2,9,4,11,1684,1787,,,0.315,0.23,0.477,49.4,57.4,,6.8,0.45,18.4,,0.197,1130,634,1536,0.413,113,354,0.319,303,484,0.626,346,962,364,194,99,398,555
159,Maryland-Eastern Shore,29,8,21,0.276,-20.86,-10.1,6,12,3,9,4,11,1704,2016,,,0.368,0.377,0.483,47.4,40.4,,4.3,0.439,20,,0.257,,574,1502,0.382,170,567,0.3,386,552,0.699,307,932,232,153,65,440,587
160,Maryland NCAA,32,20,12,0.625,16.96,11.68,7,9,12,4,6,5,2477,2308,,,0.416,0.242,0.512,51.7,50.6,,11.3,0.482,16.7,,0.262,1300,891,2021,0.441,165,490,0.337,530,840,0.631,485,1322,451,274,215,485,631
161,Massachusetts,29,10,19,0.345,-2.31,2.59,4,12,8,7,2,10,1975,2117,,,0.324,0.346,0.517,49.4,61.8,,8.9,0.494,18.9,,0.205,1175,722,1655,0.436,192,573,0.335,339,536,0.632,361,1025,446,176,155,444,477
162,McNeese State,27,11,16,0.407,-7.95,-4.66,7,9,10,3,1,13,2000,2027,,,0.418,0.292,0.529,50,49.1,,7.3,0.484,20.9,,0.299,,688,1577,0.436,152,460,0.33,472,659,0.716,366,969,338,214,108,498,675
163,Memphis NCAA,30,22,8,0.733,13.06,5.96,12,4,15,0,6,5,2172,1959,,,0.383,0.412,0.525,52.3,57.7,,9.1,0.494,15.6,,0.252,1200,736,1751,0.42,259,722,0.359,441,671,0.657,402,1139,425,218,150,383,543
164,Mercer,30,12,18,0.4,-8.52,-3.11,9,11,10,2,1,15,2153,2293,,,0.354,0.352,0.531,51.1,54.5,,5.3,0.498,20.1,,0.244,1205,751,1735,0.433,227,611,0.372,424,614,0.691,400,1105,409,177,98,510,529
165,Miami (FL),30,14,16,0.467,5.38,3.27,4,12,11,8,3,6,2148,2067,,,0.309,0.296,0.531,51,51.2,,6.4,0.499,18.6,,0.218,1225,793,1765,0.449,177,523,0.338,385,546,0.705,387,1060,406,256,105,462,572
166,Miami (OH),29,18,11,0.621,2.46,1.6,12,6,10,3,6,6,1823,1791,,,0.421,0.404,0.513,51,58.9,,3.5,0.467,16.7,,0.296,1175,599,1482,0.404,187,599,0.312,438,624,0.702,335,950,353,180,48,357,583
167,Michigan State NCAA,30,18,12,0.6,12.15,8.38,12,4,12,2,5,6,2138,2025,,,0.386,0.312,0.595,51.4,59,,3.6,0.555,19.6,,0.298,1220,748,1519,0.492,190,474,0.401,452,586,0.771,270,910,441,214,54,438,630
168,Michigan,34,23,11,0.676,11.78,6.16,8,8,16,3,3,7,2341,2150,,,0.395,0.314,0.538,53.2,54.1,,8.5,0.502,18.9,,0.275,,823,1831,0.449,192,575,0.334,503,723,0.696,398,1219,445,259,158,507,586
169,Middle Tennessee,29,17,12,0.586,-0.67,-1.71,8,6,10,3,6,8,2034,1930,,,0.429,0.306,0.536,51.3,47.4,,4.9,0.498,17.4,,0.294,,694,1577,0.44,182,483,0.377,464,677,0.685,322,1014,329,185,73,401,601
170,Milwaukee,31,20,11,0.645,6.43,1.26,13,3,11,3,8,8,2395,2212,,,0.408,0.327,0.571,52,62.2,,6.8,0.538,18.7,,0.287,1240,838,1757,0.477,214,575,0.372,505,716,0.705,381,1107,521,197,118,481,649
171,Minnesota,30,12,18,0.4,3.73,5.36,3,13,10,7,2,10,2102,2151,,,0.338,0.306,0.515,51.7,59.7,,8.4,0.477,16.8,,0.242,1220,754,1759,0.429,169,539,0.314,425,595,0.714,402,1088,450,206,140,413,555
172,Mississippi State NCAA,30,26,4,0.867,16.78,6.08,14,2,12,2,12,0,2318,1997,,,0.406,0.317,0.55,55.4,50.6,,7.5,0.522,17.9,,0.27,1220,822,1766,0.465,198,559,0.354,476,717,0.664,444,1231,416,280,132,458,489
173,Mississippi Valley State,29,22,7,0.759,-4.39,-12.91,16,2,14,1,7,5,1979,1750,,,0.296,0.395,0.48,50.2,51.1,,6.4,0.452,15.1,,0.19,1170,709,1809,0.392,218,714,0.305,343,536,0.64,498,1155,362,302,97,368,549
174,Mississippi,28,13,15,0.464,4.18,6.36,5,11,12,5,1,9,1770,1831,,,0.333,0.335,0.518,47.6,58.3,,4.4,0.491,17.7,,0.217,,642,1476,0.435,166,495,0.335,320,492,0.65,264,849,374,194,60,368,603
175,Missouri-Kansas City,29,15,14,0.517,0.07,-3.45,9,7,9,5,5,8,2145,2043,,,0.385,0.422,0.537,47.1,56.6,,5.1,0.502,15.3,,0.266,,721,1689,0.427,253,712,0.355,450,650,0.692,339,984,408,242,82,360,568
176,Missouri State,33,19,14,0.576,5.07,2.01,9,9,12,4,4,8,2209,2108,,,0.498,0.241,0.527,53.9,51.5,,4.9,0.48,18.9,,0.342,,743,1696,0.438,143,409,0.35,580,844,0.687,407,1215,383,247,83,489,672
177,Missouri,30,16,14,0.533,10.67,9.04,9,7,10,4,5,8,2226,2177,,,0.375,0.34,0.542,53.1,53.8,,7.5,0.505,17.4,,0.266,,777,1743,0.446,208,592,0.351,464,654,0.709,412,1135,418,169,128,432,575
178,Monmouth NCAA,33,21,12,0.636,-4.84,-5.66,12,6,13,0,5,10,2253,2226,,,0.385,0.375,0.529,47.2,60.4,,4.5,0.483,17.3,,0.285,,752,1802,0.417,236,675,0.35,513,693,0.74,303,1088,454,252,84,446,579
179,Montana State,27,14,13,0.519,-4.43,-3.59,6,8,10,5,2,7,1852,1826,,,0.373,0.325,0.532,48.5,58.8,,5.1,0.507,18.9,,0.238,,665,1479,0.45,170,481,0.353,352,551,0.639,253,873,391,191,73,405,480
180,Montana,28,10,18,0.357,-6.1,-0.91,6,8,7,7,3,11,1955,2001,,,0.386,0.332,0.542,50.2,50.1,,6.3,0.506,20.8,,0.271,1125,684,1523,0.449,174,505,0.345,413,588,0.702,291,964,343,179,97,474,595
181,Morehead State,29,16,13,0.552,-5.71,-2.9,10,6,12,2,4,10,2181,2162,,,0.409,0.307,0.57,50,56.9,,2.9,0.528,17.1,,0.305,1160,757,1601,0.473,178,492,0.362,489,655,0.747,300,980,431,202,52,394,464
182,Morgan State,27,11,16,0.407,-13.23,-10.15,9,9,8,2,2,11,1854,1937,,,0.436,0.313,0.523,47.3,51.8,,3.2,0.496,20.2,,0.27,1100,643,1468,0.438,171,459,0.373,397,640,0.62,290,852,333,206,47,448,587
183,Mount St. Mary's,29,10,19,0.345,-10.78,-6.91,8,10,6,6,4,12,1958,2070,,,0.318,0.341,0.503,49,50.4,,3.5,0.47,17.5,,0.219,,695,1690,0.411,198,576,0.344,370,537,0.689,354,1029,350,200,56,412,603
184,Murray State NCAA,34,28,6,0.824,7.22,-3.2,14,2,15,1,10,4,2730,2342,,,0.363,0.328,0.579,53.2,64,,7.4,0.551,16.8,,0.258,1370,994,2009,0.495,224,659,0.34,518,730,0.71,416,1261,636,271,146,476,615
185,Navy,28,5,23,0.179,-21.66,-5.04,2,12,3,12,2,10,1575,1977,,,0.303,0.261,0.455,50.9,59.6,,5.4,0.433,24.5,,0.175,,596,1513,0.394,118,395,0.299,265,458,0.579,377,987,355,217,79,563,570
186,Nebraska,31,18,13,0.581,12.66,5.08,6,10,15,3,3,9,2184,1949,,,0.377,0.329,0.564,53,56.9,,7,0.53,17.8,,0.271,1245,765,1641,0.466,210,540,0.389,444,618,0.718,358,1120,435,194,120,420,575
187,Nevada-Las Vegas,31,18,13,0.581,7.49,5.19,7,7,12,4,4,8,2294,2210,,,0.424,0.307,0.565,48.7,56.3,,6,0.529,18.9,,0.299,1250,801,1690,0.474,187,518,0.361,505,717,0.704,312,1042,451,207,108,472,587
188,Nevada NCAA,34,25,9,0.735,14.91,5.82,13,5,15,0,5,8,2579,2257,,,0.417,0.252,0.541,53.9,53.1,,7.8,0.496,15.7,,0.304,,901,1991,0.453,172,501,0.343,605,830,0.729,449,1322,478,218,154,445,624
189,New Hampshire,30,10,20,0.333,-11.43,-6.79,5,13,3,9,5,10,1811,1950,,,0.34,0.335,0.502,50.1,55.3,,4.6,0.471,21.5,,0.224,1205,642,1553,0.413,179,521,0.344,348,528,0.659,332,1038,355,205,77,494,483
190,New Mexico State,27,13,14,0.481,-3.34,-1.58,6,9,8,7,4,7,1784,1774,,,0.352,0.331,0.513,50.6,51.7,,7.9,0.475,18.7,,0.247,,625,1489,0.42,166,493,0.337,368,524,0.702,345,958,323,159,115,400,461
191,New Mexico,28,14,14,0.5,4.87,3.76,5,9,14,4,0,9,1948,1839,,,0.418,0.442,0.569,50.9,61.4,,5.9,0.531,17.7,,0.302,1120,640,1428,0.448,237,631,0.376,431,597,0.722,273,917,393,160,86,367,501
192,New Orleans,31,17,14,0.548,-2.36,-0.53,9,6,9,3,4,9,2160,2195,,,0.388,0.286,0.5,49.3,47.8,,6.2,0.467,15.7,,0.249,,760,1825,0.416,185,522,0.354,455,709,0.642,412,1158,363,202,112,404,579
193,Niagara,32,22,10,0.688,3.26,-3.14,13,5,10,4,10,5,2611,2406,,,0.466,0.342,0.553,52.5,57.1,,7.8,0.502,16.3,,0.346,,863,1934,0.446,216,661,0.327,669,902,0.742,463,1282,493,227,155,460,632
194,Nicholls State,27,6,21,0.222,-20.47,-6.25,1,15,6,8,0,13,1774,2040,,,0.368,0.354,0.494,49.4,50.1,,2.8,0.454,20.7,,0.253,1090,603,1529,0.394,181,542,0.334,387,562,0.689,341,941,302,169,43,470,533
195,Norfolk State,29,12,17,0.414,-15.02,-11.66,10,8,8,4,3,11,1794,1901,,,0.435,0.328,0.498,48.1,45.7,,4.8,0.444,20.7,,0.313,,586,1493,0.392,155,490,0.316,467,649,0.72,338,962,268,213,73,470,586
196,North Carolina-Asheville,29,9,20,0.31,-14.67,-4,6,10,5,8,4,12,1827,2054,,,0.266,0.367,0.491,46.8,59.8,,8.2,0.462,19.4,,0.182,,667,1652,0.404,192,606,0.317,301,440,0.684,329,966,399,220,138,448,481
197,North Carolina A&T,28,3,25,0.107,-24.41,-7.84,3,15,3,7,0,16,1617,2082,,,0.371,0.317,0.43,45.3,45.3,,6.6,0.402,24.9,,0.209,1125,576,1597,0.361,131,506,0.259,334,593,0.563,372,933,261,246,98,623,671
198,North Carolina-Greensboro,28,11,17,0.393,-7.36,-4.1,7,9,7,5,4,11,2043,2103,,,0.307,0.293,0.54,48.5,49.8,,7,0.507,20,,0.224,,757,1650,0.459,160,483,0.331,369,507,0.728,327,973,377,236,120,473,525
199,North Carolina State NCAA,31,21,10,0.677,18.45,10.61,11,5,15,3,5,6,2261,2018,,,0.357,0.446,0.573,50.5,59.7,,4.1,0.527,17.5,,0.285,1245,760,1688,0.45,260,753,0.345,481,602,0.799,317,1046,454,208,69,420,576
200,North Carolina-Wilmington,30,15,15,0.5,1.44,-0.46,9,9,9,3,4,10,1844,1787,,,0.339,0.35,0.501,48.5,55.6,,2.6,0.467,18,,0.229,1215,647,1584,0.408,187,554,0.338,363,537,0.676,326,976,360,238,38,405,578
201,North Carolina NCAA,30,19,11,0.633,19.4,12.04,8,8,12,3,4,7,2464,2243,,,0.392,0.29,0.543,52.8,61.3,,6.7,0.51,16.9,,0.269,1225,877,1912,0.459,195,554,0.352,515,749,0.688,460,1189,538,287,120,462,556
202,North Texas,28,13,15,0.464,-6.23,-2.92,8,7,9,3,4,11,2029,2045,,,0.39,0.315,0.516,51.9,45.1,,8.1,0.487,19.1,,0.25,,720,1658,0.434,175,522,0.335,414,647,0.64,403,1135,325,180,136,465,579
203,Northeastern,30,19,11,0.633,-4.62,-6.19,13,5,10,3,8,7,2281,2166,,,0.402,0.413,0.519,48.2,51.9,,6.5,0.487,16.7,,0.26,1200,772,1847,0.418,256,763,0.336,481,742,0.648,417,1108,401,263,114,442,578
204,Northern Arizona,29,15,14,0.517,-4.34,-3.12,7,7,8,4,6,10,2202,2150,,,0.357,0.37,0.561,49.9,61.5,,7.6,0.527,19.4,,0.257,,764,1679,0.455,243,622,0.391,431,599,0.72,293,1049,470,160,133,473,560
205,Northern Illinois,30,10,20,0.333,-4.33,0.08,5,13,8,5,1,13,2030,2099,,,0.413,0.365,0.537,51.5,56.8,,8,0.507,20.5,,0.271,,696,1580,0.441,210,577,0.364,428,653,0.655,350,1068,395,166,132,486,615
206,Northern Iowa NCAA,31,21,10,0.677,6.87,3.2,12,6,13,3,5,6,2147,2015,,,0.394,0.383,0.55,49.9,56.7,,3.6,0.508,16.6,,0.291,1255,723,1644,0.44,223,630,0.354,478,648,0.738,268,1068,410,165,63,388,517
207,Northwestern State,28,11,17,0.393,-9.87,-5.23,8,8,7,4,4,11,2078,2150,,,0.385,0.27,0.504,51.1,57.5,,7.1,0.467,18.6,35.5,0.258,,739,1742,0.424,150,470,0.319,450,670,0.672,402,1144,425,217,122,472,630
208,Northwestern,29,14,15,0.483,4.63,5.91,8,8,10,3,3,9,1787,1824,,,0.327,0.448,0.534,42.8,68.6,,2.9,0.508,16.4,,0.218,1165,633,1448,0.437,205,648,0.316,316,473,0.668,219,766,434,238,43,328,452
209,Notre Dame,32,19,13,0.594,10.69,7.38,9,7,12,7,6,5,2257,2151,,,0.346,0.406,0.532,48.7,56.7,,7.4,0.493,13.4,,0.252,1280,766,1823,0.42,265,740,0.358,460,631,0.729,363,1122,434,187,139,329,475
210,Oakland,30,13,17,0.433,-1.01,-0.3,6,10,8,5,3,11,2236,2219,,,0.377,0.316,0.515,48.3,54,,5.9,0.484,15.8,,0.245,1210,796,1843,0.432,193,583,0.331,451,694,0.65,387,1054,430,263,100,408,580
211,Ohio State,30,14,16,0.467,1.52,5.02,6,10,9,7,3,7,1950,2055,,,0.432,0.279,0.524,52.3,51.1,,4.6,0.491,19,,0.28,1200,685,1544,0.444,147,431,0.341,433,667,0.649,369,1009,350,197,71,437,589
212,Ohio,30,10,20,0.333,-3.19,-0.19,7,11,8,4,1,14,2000,2090,,,0.432,0.381,0.518,50.1,52.7,,3.9,0.468,18.9,,0.311,1230,643,1602,0.401,215,610,0.352,499,692,0.721,353,1038,339,183,64,450,591
213,Oklahoma State NCAA,35,31,4,0.886,20.85,7.23,14,2,15,0,7,2,2698,2188,,,0.389,0.226,0.583,53.9,56,,6.7,0.556,16.8,,0.27,,1002,1953,0.513,166,441,0.376,528,760,0.695,393,1253,561,271,128,468,655
214,Oklahoma,31,20,11,0.645,10.53,6.27,8,8,14,3,3,7,2057,1925,,,0.361,0.354,0.502,48.4,52.7,,10,0.467,16.5,,0.242,1255,714,1749,0.408,206,619,0.333,423,632,0.669,404,1050,376,264,156,405,623
215,Old Dominion,29,17,12,0.586,3.93,0.45,11,7,11,4,5,8,2136,2035,,,0.34,0.332,0.535,51.8,64.7,,5.9,0.499,18.4,,0.245,1175,760,1720,0.442,195,571,0.342,421,585,0.72,370,1113,492,228,104,451,554
216,Oral Roberts,28,17,11,0.607,-0.06,-1.79,10,6,10,3,6,7,2265,2133,,,0.397,0.348,0.585,51.2,61.7,,3.4,0.544,17.6,,0.302,,776,1630,0.476,221,568,0.389,492,647,0.76,297,977,479,183,56,414,536
217,Oregon State,28,12,16,0.429,1.49,4.6,6,12,11,6,1,10,2018,2071,,,0.331,0.273,0.502,49,54.8,,3.9,0.465,16.4,,0.23,1155,728,1738,0.419,162,475,0.341,400,575,0.696,376,1009,399,203,64,395,510
218,Oregon,31,18,13,0.581,8.65,6.91,9,9,11,3,5,6,2323,2269,,,0.377,0.411,0.573,49.5,63.7,,3.3,0.539,18.7,,0.273,,787,1721,0.457,280,708,0.395,469,648,0.724,311,1040,501,164,61,467,585
219,Pacific NCAA,33,25,8,0.758,5.76,0.95,17,1,12,1,9,4,2272,2097,,,0.457,0.334,0.572,50.5,62.6,,5.5,0.528,19.2,,0.336,1330,764,1633,0.468,195,546,0.357,549,746,0.736,304,1101,478,194,103,471,561
220,Penn State,28,9,19,0.321,-2.97,5.67,3,13,7,7,1,11,1632,1874,,,0.328,0.288,0.48,51.7,57.8,,4.4,0.447,20.7,,0.217,1125,586,1470,0.399,141,423,0.333,319,482,0.662,348,980,339,141,70,443,439
221,Pennsylvania,27,17,10,0.63,5.76,-2.09,10,4,7,6,10,4,1929,1717,,,0.349,0.402,0.56,51.4,64.6,,4.9,0.532,17.6,,0.24,1105,669,1478,0.453,236,594,0.397,355,516,0.688,293,941,432,172,72,368,482
222,Pepperdine,31,15,16,0.484,1.95,2.11,9,5,8,4,5,8,2446,2451,,,0.368,0.324,0.551,48.8,50.9,,4.3,0.515,14.9,,0.263,,863,1891,0.456,222,613,0.362,498,696,0.716,378,1059,439,218,77,388,604
223,Pittsburgh NCAA,36,31,5,0.861,18.2,6.49,13,3,19,1,7,2,2446,2031,,,0.389,0.255,0.537,53.9,57.9,,8.5,0.51,16.7,,0.254,1465,904,1921,0.471,150,490,0.306,488,748,0.652,466,1320,523,215,169,455,532
224,Portland State,27,11,16,0.407,-5.24,-3.12,5,9,7,4,4,12,1810,1823,,,0.429,0.262,0.525,54,49.4,,6.5,0.49,21,,0.284,,644,1433,0.449,115,375,0.307,407,615,0.662,302,984,318,167,96,458,574
225,Portland,28,11,17,0.393,-0.96,2.83,5,9,6,6,5,10,1953,2059,,,0.35,0.335,0.53,44.5,59.3,,5.9,0.492,16.3,,0.252,,674,1581,0.426,207,529,0.391,398,553,0.72,258,840,400,179,89,359,589
226,Prairie View,27,7,20,0.259,-20.55,-9.55,7,11,4,6,3,12,1673,1970,,,0.453,0.223,0.468,49.1,46.1,,4.3,0.427,19.9,,0.283,1085,579,1472,0.393,98,328,0.299,417,667,0.625,354,966,267,147,65,444,542
227,Princeton NCAA,28,20,8,0.714,1.54,-3.32,13,1,10,2,10,3,1760,1591,,,0.344,0.379,0.573,52.4,59.3,,6.8,0.545,19.5,,0.245,1140,634,1319,0.481,169,500,0.338,323,454,0.711,241,856,376,192,90,372,507
228,Providence NCAA,29,20,9,0.69,14.87,8.21,11,5,11,4,8,3,2060,1867,,,0.347,0.395,0.555,50.5,63.5,,8.8,0.522,18.9,,0.25,1165,717,1592,0.45,228,629,0.362,398,553,0.72,342,976,455,264,143,433,469
229,Purdue,31,17,14,0.548,9.72,5.46,7,9,9,6,4,8,2012,1880,,,0.379,0.28,0.519,50.7,61.6,,6.2,0.473,17.6,,0.279,1250,700,1643,0.426,154,460,0.335,458,622,0.736,348,1049,431,176,104,413,568
230,Quinnipiac,29,9,20,0.31,-12.7,-7.4,5,13,7,6,2,11,2119,2214,,,0.3,0.351,0.521,48.8,62.2,,3.2,0.49,17.2,,0.211,,759,1780,0.426,226,625,0.362,375,534,0.702,333,1045,472,178,52,422,641
231,Radford,28,12,16,0.429,-11.04,-7.78,7,9,9,5,3,11,1911,1951,,,0.382,0.317,0.502,47.7,46.9,,5.4,0.475,16.9,,0.235,,674,1612,0.418,184,511,0.36,379,616,0.615,320,969,316,231,83,388,544
232,Rhode Island,34,20,14,0.588,7.19,2.8,7,9,11,6,6,7,2342,2203,,,0.347,0.259,0.501,55.1,50.2,,5.6,0.467,17.2,,0.235,,847,2005,0.422,177,520,0.34,471,696,0.677,544,1381,425,239,107,486,621
233,Rice,33,22,11,0.667,7.52,3.99,12,6,12,3,6,7,2446,2310,,,0.417,0.267,0.558,50.5,56.7,,6,0.521,19.4,,0.296,,867,1828,0.474,171,488,0.35,541,762,0.71,361,1128,492,275,114,528,611
234,Richmond NCAA,33,20,13,0.606,10.07,5.07,10,6,9,4,8,7,2129,1964,,,0.361,0.339,0.507,50,55.1,,8.3,0.463,17.1,,0.26,,737,1793,0.411,188,607,0.31,467,648,0.721,403,1164,406,235,143,432,617
235,Rider,31,17,14,0.548,-5.61,-4.95,10,8,9,4,5,9,2112,2134,,,0.318,0.374,0.515,49,55.9,,4.6,0.481,16.8,,0.223,1265,744,1783,0.417,226,666,0.339,398,567,0.702,364,1128,416,215,83,414,539
236,Robert Morris,29,14,15,0.483,-10.38,-7.52,10,8,9,3,4,11,1989,2039,,,0.334,0.378,0.563,48.7,49.4,,3.5,0.527,18.2,,0.252,1160,696,1524,0.457,213,576,0.37,384,509,0.754,243,925,344,144,58,392,511
237,Rutgers,33,20,13,0.606,8.53,6.87,7,9,16,2,2,9,2266,2163,,,0.378,0.356,0.52,50.9,56.3,,10.4,0.481,17.8,,0.266,1335,768,1846,0.416,239,657,0.364,491,697,0.704,405,1225,432,209,196,472,610
238,Sacramento State,28,13,15,0.464,-4.2,-2.39,7,7,10,4,3,11,1989,1981,,,0.377,0.373,0.508,48.3,56.3,,5.3,0.472,17.5,,0.253,1130,672,1661,0.405,225,620,0.363,420,627,0.67,359,1015,378,240,83,416,621
239,Sacred Heart,27,12,15,0.444,-11.66,-7.66,8,10,8,4,4,11,1986,2094,,,0.311,0.255,0.511,49.5,52.6,,6.9,0.482,18.3,,0.209,1085,744,1692,0.44,144,432,0.333,354,527,0.672,355,997,391,210,110,436,542
240,Saint Francis (PA),28,13,15,0.464,-10.67,-7.7,10,8,10,1,3,13,1873,1956,,,0.385,0.263,0.531,48.9,49.8,,3.7,0.488,17.9,,0.282,1120,654,1490,0.439,145,392,0.37,420,574,0.732,312,879,326,182,57,385,443
241,Saint Joseph's NCAA,32,30,2,0.938,20.03,4.97,16,0,9,0,13,0,2476,1994,,,0.337,0.425,0.586,47.3,60,,6.2,0.561,14.9,,0.237,,866,1822,0.475,313,775,0.404,431,614,0.702,308,1043,520,285,111,370,546
242,Saint Louis,32,19,13,0.594,7.74,5.03,9,7,13,3,4,9,2005,1918,,,0.378,0.347,0.526,47.9,61.7,,3,0.488,17.5,,0.266,,692,1615,0.428,192,561,0.342,429,610,0.703,264,994,427,227,49,404,556
243,Saint Mary's (CA),31,19,12,0.613,8.04,1.79,9,5,10,3,6,7,2377,2082,,,0.433,0.343,0.569,53.5,48.8,,5.5,0.53,19.5,,0.312,1245,807,1733,0.466,222,594,0.374,541,750,0.721,397,1184,394,204,99,507,594
244,Saint Peter's,29,17,12,0.586,-2.43,-2.81,12,6,9,2,6,8,2196,2185,,,0.385,0.412,0.526,47.1,50.7,,5.9,0.487,15.3,,0.27,,730,1764,0.414,259,727,0.356,477,680,0.701,381,1025,370,203,100,377,604
245,Sam Houston State,28,13,15,0.464,-12.48,-6.81,8,8,10,3,3,11,2100,2133,,,0.41,0.293,0.533,48.5,71.9,,6.8,0.494,20,,0.285,1120,737,1650,0.447,155,484,0.32,471,676,0.697,347,1030,530,239,119,493,563
246,Samford,28,12,16,0.429,-8.68,-2.55,7,9,9,3,3,12,1838,1828,,,0.303,0.511,0.61,48.8,71.3,,3.7,0.589,21.4,,0.217,1140,644,1318,0.489,264,673,0.392,286,399,0.717,159,792,459,157,56,410,443
247,San Diego State,30,14,16,0.467,4.92,5.81,5,9,11,4,1,10,2125,2117,,,0.29,0.307,0.507,50.6,53.8,,5,0.476,16,,0.202,,786,1841,0.427,181,565,0.32,372,533,0.698,407,1077,423,246,82,399,559
248,San Diego,30,4,26,0.133,-10.28,2.51,1,13,4,7,0,16,2042,2398,,,0.357,0.321,0.546,48.5,65.5,,2.4,0.518,22.8,,0.241,1200,724,1600,0.453,209,514,0.407,385,571,0.674,265,971,474,186,42,553,532
249,San Francisco,31,17,14,0.548,-1.95,1.85,7,7,10,3,5,9,2016,2102,,,0.332,0.294,0.509,50.6,56,,4.6,0.481,19.9,,0.216,,745,1712,0.435,156,503,0.31,370,569,0.65,375,1038,417,235,73,491,622
250,San Jose State,29,6,23,0.207,-4.34,3.59,1,17,4,10,0,12,1779,1957,,,0.303,0.297,0.509,47.6,55.4,,3.3,0.483,18.1,,0.2,1175,652,1527,0.427,170,453,0.375,305,462,0.66,268,856,361,170,47,385,585
251,Santa Clara,32,16,16,0.5,0.8,2.61,6,8,12,6,3,8,2103,2131,,,0.348,0.377,0.514,50.9,54.6,,5.2,0.479,17.9,,0.24,,729,1755,0.415,224,662,0.338,421,611,0.689,371,1100,398,216,89,445,596
252,Savannah State,28,4,24,0.143,-22.3,-3.52,,,3,6,1,16,1691,2217,,,0.276,0.248,0.429,47.1,42.3,,6.7,0.406,20,,0.158,,643,1744,0.369,129,433,0.298,276,482,0.573,432,1057,272,193,107,494,663
253,Seton Hall NCAA,31,21,10,0.677,14.28,7.78,10,6,13,2,6,5,2228,2028,,,0.346,0.296,0.544,51.7,50.4,,5.3,0.51,16.4,,0.247,1250,806,1759,0.458,181,521,0.347,435,609,0.714,359,1134,406,207,95,403,573
254,Siena,30,14,16,0.467,-4.66,-2.32,9,9,9,7,5,9,2071,2141,,,0.352,0.258,0.485,54,58.8,,5.7,0.447,17.4,,0.239,,741,1828,0.405,152,471,0.323,437,643,0.68,476,1228,436,202,96,448,624
255,South Alabama,28,12,16,0.429,-4.37,-1.21,6,9,8,5,3,10,1845,1886,,,0.286,0.401,0.51,47.3,47,,3.7,0.486,17.6,,0.187,1125,666,1592,0.418,216,638,0.339,297,456,0.651,342,900,313,204,53,385,560
256,South Carolina State,29,18,11,0.621,-6.82,-10.14,14,4,10,1,6,6,2003,1888,,,0.43,0.288,0.543,53.5,47.4,,3.8,0.498,20.3,,0.311,1160,690,1533,0.45,146,442,0.33,477,659,0.724,348,985,327,247,56,469,569
257,South Carolina NCAA,34,23,11,0.676,12.77,5.33,8,8,14,3,5,6,2383,2130,,,0.354,0.355,0.524,49.3,59,,9.3,0.492,16.4,,0.239,1375,846,1948,0.434,226,691,0.327,465,690,0.674,423,1224,499,300,178,448,609
258,South Florida,27,7,20,0.259,-2.3,4.92,1,15,6,9,1,11,1654,1849,,,0.387,0.279,0.507,48.7,59.2,,9.2,0.473,20.2,,0.253,,591,1379,0.429,123,385,0.319,349,534,0.654,279,921,350,142,143,414,486
259,Southeast Missouri State,27,11,16,0.407,-5.49,-3.25,4,12,8,5,2,11,1918,1930,,,0.316,0.35,0.547,48.8,53.4,,4,0.516,15.8,,0.225,1080,687,1525,0.45,201,534,0.376,343,482,0.712,280,861,367,181,59,329,456
260,Southeastern Louisiana,29,20,9,0.69,-5.07,-7.95,11,5,14,1,5,7,2132,1982,,,0.429,0.309,0.541,51.2,54.2,,5.8,0.505,17,,0.293,,743,1637,0.454,167,506,0.33,479,703,0.681,337,1026,403,208,93,405,546
261,Southern California,28,13,15,0.464,3.13,6.52,8,10,7,7,6,6,2111,2206,,,0.374,0.36,0.519,49.6,51.3,,5.7,0.487,17.4,,0.248,1145,746,1727,0.432,191,621,0.308,428,646,0.663,358,1020,383,249,93,428,577
262,Southern Illinois NCAA,30,25,5,0.833,10.7,2.64,17,1,13,1,11,2,2131,1889,,,0.304,0.309,0.524,50.5,53.9,,5.9,0.495,15.1,,0.21,1200,787,1775,0.443,185,548,0.338,372,540,0.689,393,1057,424,302,91,360,576
263,Southern Methodist,30,12,18,0.4,0.69,4.79,5,13,4,8,5,8,1937,2060,,,0.337,0.36,0.519,47.1,54,,5.2,0.489,19,,0.227,,693,1607,0.431,187,578,0.324,364,542,0.672,319,949,374,225,88,438,476
264,Southern Mississippi,28,13,15,0.464,-1.7,3,6,10,8,4,2,10,1817,1912,,,0.381,0.246,0.498,52.1,52.9,,4.7,0.461,18.4,,0.254,,652,1546,0.422,121,381,0.318,392,589,0.666,337,1016,345,195,73,413,513
265,Southern Utah,28,10,18,0.357,-8.38,-0.61,6,10,7,6,3,11,1804,1947,,,0.399,0.317,0.573,46.1,52,,4.4,0.548,21.3,,0.267,1130,636,1324,0.48,178,420,0.424,354,528,0.67,211,789,331,219,65,427,502
266,Southern,28,12,16,0.429,-13,-12.78,9,9,8,4,4,11,1947,1930,,,0.372,0.258,0.506,48.5,46,,7,0.479,19.2,,0.233,1125,718,1636,0.439,130,422,0.308,381,609,0.626,374,965,330,257,104,458,572
267,St. Bonaventure,28,7,21,0.25,-7.09,4.19,3,13,7,6,0,12,1904,2220,,,0.254,0.398,0.488,44.3,51.7,,3.3,0.457,15.9,,0.182,1125,683,1739,0.393,222,692,0.321,316,442,0.715,346,919,353,212,54,369,542
268,St. Francis (NY),28,15,13,0.536,-7.22,-8.76,12,6,8,4,6,7,1997,1954,,,0.307,0.438,0.53,48.5,53.7,,7.5,0.505,18.5,,0.204,1125,702,1644,0.427,258,720,0.358,335,504,0.665,307,981,377,241,115,428,597
269,St. John's (NY),27,6,21,0.222,-1.08,7.85,1,15,5,11,1,10,1673,1914,,,0.269,0.237,0.461,49.7,45.5,,7.7,0.434,18.6,,0.172,1095,638,1608,0.397,120,381,0.315,277,432,0.641,401,995,290,217,117,414,484
270,Stanford NCAA,32,30,2,0.938,17.46,4.34,17,1,14,0,10,1,2356,1936,,,0.368,0.262,0.566,55,60.4,,8,0.527,17.9,,0.276,1280,849,1771,0.479,169,464,0.364,489,651,0.751,366,1178,513,206,140,453,573
271,Stephen F. Austin,30,21,9,0.7,-2.1,-9.33,10,6,16,0,5,9,2138,1821,,,0.32,0.28,0.541,50.7,48.5,,3.1,0.51,17.4,,0.226,,786,1715,0.458,179,481,0.372,387,548,0.706,350,1002,381,266,45,417,616
272,Stetson,27,12,15,0.444,-10.23,-3.87,10,10,8,6,4,8,1835,1958,,,0.374,0.254,0.489,50.3,46.2,,3.8,0.446,17.9,,0.261,1100,650,1592,0.408,120,405,0.296,415,595,0.697,385,980,300,262,59,410,498
273,Stony Brook,30,10,20,0.333,-11.55,-6.48,5,13,5,9,4,10,1877,2029,,,0.385,0.268,0.506,49.6,48.2,,4.7,0.466,19.7,,0.265,1225,664,1568,0.423,133,421,0.316,416,604,0.689,328,980,320,219,76,456,551
274,Syracuse NCAA,31,23,8,0.742,13.06,7.61,11,5,14,3,6,3,2265,2096,,,0.366,0.235,0.528,50.6,54.9,,11.1,0.502,15.6,,0.235,1245,847,1827,0.464,141,430,0.328,430,669,0.643,423,1180,465,235,205,396,554
275,Temple,29,15,14,0.517,5.58,5.16,9,7,8,5,6,6,1889,1877,,,0.333,0.42,0.475,50,38.4,,5.5,0.441,11.6,,0.217,,657,1717,0.383,202,721,0.28,373,572,0.652,417,1054,252,243,83,260,477
276,Tennessee-Martin,28,10,18,0.357,-8.57,-2.72,5,11,8,4,1,13,2037,2138,,,0.339,0.335,0.521,49.8,59.6,,4.5,0.491,18.4,,0.228,,737,1683,0.438,179,564,0.317,384,570,0.674,360,1031,439,229,75,441,539
277,Tennessee State,28,7,21,0.25,-11.41,-1.91,6,10,5,7,2,14,1932,2179,,,0.262,0.379,0.507,44.4,56.3,,3.2,0.482,15,,0.177,1120,703,1693,0.415,227,641,0.354,299,444,0.673,324,860,396,199,47,335,580
278,Tennessee Tech,28,13,15,0.464,-6.23,-2.75,7,9,11,4,2,11,2150,2126,,,0.296,0.366,0.55,51.4,55.5,,3.8,0.521,17.3,,0.212,1130,778,1714,0.454,231,628,0.368,363,507,0.716,352,1024,432,191,60,409,552
279,Tennessee,29,15,14,0.517,7.39,7.18,7,9,14,3,1,10,2063,2057,,,0.432,0.29,0.538,52.2,61.8,,5.7,0.491,18.5,,0.313,,702,1592,0.441,160,461,0.347,499,688,0.725,365,1067,434,173,96,435,533
280,Texas A&M-Corpus Christi,26,15,11,0.577,-5.73,-4.64,,,10,3,5,8,1901,1840,,,0.383,0.241,0.543,55.1,59.7,,3,0.505,20.4,,0.273,,689,1482,0.465,119,357,0.333,404,568,0.711,355,969,411,189,43,448,464
281,Texas A&M,28,7,21,0.25,-1.51,3.03,0,16,5,9,2,11,2013,2140,,,0.377,0.311,0.505,53.3,59,,2.3,0.467,17.3,,0.258,1140,703,1690,0.416,171,525,0.326,436,637,0.684,441,1065,415,172,35,417,593
282,Texas-Arlington,29,17,12,0.586,-6.13,-6.47,11,5,12,2,5,8,2097,2036,,,0.491,0.242,0.56,52.3,50.4,,5.2,0.508,20.4,,0.366,1160,704,1518,0.464,134,367,0.365,555,745,0.745,324,1007,355,193,85,481,511
283,Texas Christian,29,12,17,0.414,1.39,4.98,7,9,8,9,3,7,1941,2045,,,0.405,0.348,0.511,48.9,55.5,,4.2,0.472,18.4,,0.274,1165,660,1593,0.414,185,555,0.333,436,645,0.676,333,1013,366,177,70,428,562
284,Texas-El Paso NCAA,32,24,8,0.75,11.42,3.55,13,5,16,1,6,5,2479,2161,,,0.467,0.293,0.58,49.9,62.7,,4.6,0.533,17.2,,0.351,1280,834,1748,0.477,197,513,0.384,614,817,0.752,328,1106,523,228,86,445,572
285,Texas-Rio Grande Valley,28,14,14,0.5,-8.91,-3,,,10,3,4,10,2005,1996,,,0.402,0.39,0.51,51.2,57.5,,5.3,0.467,18.8,,0.282,1135,661,1649,0.401,218,643,0.339,465,663,0.701,390,1101,380,224,85,456,583
286,Texas-San Antonio NCAA,33,19,14,0.576,-7.22,-6.11,11,5,11,5,7,5,2400,2367,,,0.409,0.342,0.53,50.6,51.8,,5,0.491,19.9,,0.285,,813,1896,0.429,234,648,0.361,540,775,0.697,415,1242,421,251,99,564,635
287,Texas Southern,29,14,15,0.483,-13.84,-12.98,10,8,11,1,2,13,1918,1923,,,0.532,0.26,0.495,51.9,47.3,,4.4,0.447,22,,0.348,,636,1545,0.412,108,401,0.269,538,822,0.655,363,1082,301,204,75,545,563
288,Texas State,28,13,15,0.464,-9.19,-7.01,8,8,9,3,3,9,1933,1933,,,0.343,0.39,0.542,50.3,60.5,,3.8,0.505,19,,0.251,,669,1532,0.437,210,597,0.352,385,526,0.732,326,941,405,195,56,417,600
289,Texas Tech NCAA,34,23,11,0.676,14.71,8.21,9,7,15,1,4,7,2490,2269,,,0.354,0.187,0.537,48.7,54.8,,6.1,0.496,15.5,,0.262,1365,922,1985,0.464,125,371,0.337,521,703,0.741,385,1153,505,278,117,424,562
290,Texas NCAA,33,25,8,0.758,18.52,8.4,12,4,15,1,6,3,2529,2195,,,0.355,0.298,0.529,54.5,49.4,,6.7,0.497,14,,0.241,1335,904,2046,0.442,227,610,0.372,494,726,0.68,517,1355,447,219,125,388,645
291,Toledo,31,20,11,0.645,2.23,0.97,12,6,11,1,8,9,2379,2340,,,0.374,0.321,0.563,48.8,54.8,,4.4,0.529,17.9,,0.269,1245,836,1794,0.466,225,576,0.391,482,671,0.718,342,1045,458,240,76,460,680
292,Towson,29,8,21,0.276,-10.09,-1.71,4,14,5,8,2,13,1772,2015,,,0.365,0.3,0.482,47.5,62.5,,7.3,0.444,19.6,,0.242,1165,618,1568,0.394,157,471,0.333,379,572,0.663,342,977,386,193,117,448,552
293,Troy,31,24,7,0.774,4.57,-5.7,18,2,10,2,10,4,2624,2253,,,0.259,0.482,0.555,48.9,58.6,,6.3,0.53,12.9,,0.186,1255,934,2104,0.444,364,1015,0.359,392,545,0.719,450,1173,547,354,119,349,446
294,Tulane,28,11,17,0.393,-3.16,1.92,4,12,11,7,0,9,1830,1947,,,0.356,0.31,0.491,50.4,61.3,,7.2,0.459,19.9,,0.23,1120,652,1594,0.409,160,494,0.324,366,568,0.644,378,1109,400,174,121,464,528
295,Tulsa,29,9,20,0.31,1.28,4.62,5,13,7,7,2,11,1982,2079,,,0.329,0.313,0.518,46.1,46.4,,6.5,0.49,17,,0.219,1180,724,1653,0.438,172,517,0.333,362,544,0.665,271,975,336,216,110,392,549
296,UCLA,28,11,17,0.393,3.35,6.82,7,11,9,6,1,9,1863,1960,,,0.351,0.256,0.529,51.1,57.9,,4.5,0.504,20.1,,0.225,,698,1510,0.462,127,386,0.329,340,530,0.642,312,965,404,127,73,442,516
297,Utah State,29,25,4,0.862,9.03,-1.43,17,1,15,1,10,2,2009,1684,,,0.417,0.3,0.6,55.5,62.7,,5.6,0.569,18.1,,0.3,1165,711,1397,0.509,168,419,0.401,419,582,0.72,307,952,446,153,85,370,416
298,Utah NCAA,33,24,9,0.727,11.37,4.53,9,5,15,1,6,5,2134,1893,,,0.341,0.31,0.563,56,55.5,,6.7,0.531,19.6,,0.247,,768,1630,0.471,196,506,0.387,402,556,0.723,355,1140,426,146,111,463,566
299,Valparaiso NCAA,31,18,13,0.581,-0.09,0.01,11,5,10,5,4,6,2217,2201,,,0.425,0.307,0.53,51.6,62,,5.4,0.487,19.3,,0.3,1250,765,1740,0.44,165,535,0.308,522,740,0.705,368,1183,474,210,97,500,692
300,Vanderbilt NCAA,33,23,10,0.697,15.7,7.58,8,8,15,2,4,6,2414,2146,,,0.352,0.382,0.552,50.4,64.3,,6.2,0.519,16.1,,0.25,1325,841,1873,0.449,263,716,0.367,469,660,0.711,367,1150,541,248,112,419,576
301,Vermont NCAA,31,22,9,0.71,-2.75,-6.36,15,3,10,2,10,5,2045,1933,,,0.317,0.355,0.511,51.8,60.9,,5.1,0.48,16.2,,0.215,1240,734,1739,0.422,203,617,0.329,374,551,0.679,360,1126,447,218,87,387,475
302,Villanova,35,18,17,0.514,10.04,8.25,6,10,8,7,6,7,2471,2404,,,0.383,0.352,0.553,52.1,57.7,,7.4,0.514,20.3,,0.279,1410,852,1890,0.451,239,666,0.359,528,724,0.729,421,1274,492,209,146,569,671
303,Virginia Commonwealth NCAA,31,23,8,0.742,6.8,-0.17,14,4,15,2,8,5,2202,1986,,,0.36,0.31,0.551,53.2,50.2,,6.8,0.536,20.3,,0.218,1250,811,1707,0.475,208,530,0.392,372,614,0.606,377,1159,407,209,120,510,549
304,VMI,28,6,22,0.214,-19.8,-5.57,4,12,6,6,0,13,1608,1942,,,0.321,0.319,0.474,47.3,59,,4.8,0.445,23,,0.203,1120,593,1471,0.403,123,469,0.262,299,472,0.633,288,909,350,206,77,507,484
305,Virginia Tech,29,15,14,0.517,3.29,4.36,7,9,11,4,3,8,1931,1962,,,0.384,0.27,0.48,49.3,54.9,,6.6,0.452,16.1,,0.23,1165,700,1702,0.411,140,460,0.304,391,653,0.599,415,1007,384,298,99,387,544
306,Virginia,31,18,13,0.581,9.07,9.65,6,10,14,4,3,8,2305,2323,,,0.404,0.319,0.534,46.4,55.9,,6.9,0.499,16.9,,0.276,1250,807,1811,0.446,192,578,0.332,499,732,0.682,357,1070,451,215,132,438,623
307,Wagner,29,13,16,0.448,-10.53,-7.13,10,8,5,7,6,9,1932,2024,,,0.405,0.328,0.503,54.1,50.8,,5.3,0.466,19.4,,0.266,1165,666,1612,0.413,171,528,0.324,429,653,0.657,394,1189,338,139,96,464,473
308,Wake Forest NCAA,31,21,10,0.677,18.45,11.03,9,7,12,4,5,5,2590,2360,,,0.447,0.33,0.576,52.2,55.2,,5.2,0.539,16.9,,0.318,1260,882,1854,0.476,236,611,0.386,590,829,0.712,417,1148,487,277,95,457,641
309,Washington State,29,13,16,0.448,2.98,5.05,7,11,5,5,6,8,1678,1730,,,0.296,0.368,0.502,48.1,56,,3.8,0.461,17.4,,0.222,,586,1466,0.4,181,540,0.335,325,434,0.749,280,844,328,176,51,352,504
310,Washington NCAA,31,19,12,0.613,9.46,6.43,12,6,11,3,6,7,2543,2449,,,0.412,0.298,0.556,49.9,56.3,,4.9,0.518,17.1,,0.294,1250,890,1911,0.466,201,569,0.353,562,788,0.713,382,1103,501,226,91,472,667
311,Weber State,29,15,14,0.517,-1.89,-2.15,7,7,8,5,5,8,1980,1927,,,0.442,0.306,0.55,52.1,50.8,,1.6,0.508,17.8,,0.313,,669,1489,0.449,176,455,0.387,466,658,0.708,299,952,340,141,24,389,522
312,West Virginia,31,17,14,0.548,6.08,6.28,7,9,10,4,4,7,2035,2041,,,0.342,0.402,0.537,45.6,63.6,,10,0.505,17.5,,0.237,1250,706,1631,0.433,236,656,0.36,387,557,0.695,287,968,449,229,176,402,473
313,Western Carolina,28,13,15,0.464,-7.17,-3.84,6,10,9,5,3,9,2092,1966,,,0.468,0.289,0.56,50.1,55.1,,3.3,0.514,21.5,,0.342,,710,1527,0.465,150,442,0.339,522,715,0.73,302,978,391,246,54,512,534
314,Western Illinois,28,3,25,0.107,-13.93,-1.15,1,15,3,10,0,14,1844,2204,,,0.435,0.357,0.534,45.1,61.7,,2.2,0.493,22.2,,0.304,1130,613,1430,0.429,183,510,0.359,435,622,0.699,235,829,378,173,37,493,501
315,Western Kentucky,28,15,13,0.536,1.63,-0.1,8,6,10,4,5,8,2137,1989,,,0.412,0.329,0.551,55.1,53.1,,4.2,0.531,18.1,,0.256,1135,762,1621,0.47,198,534,0.371,415,668,0.621,407,1085,405,180,64,428,575
316,Western Michigan NCAA,31,26,5,0.839,12.31,-0.11,15,3,13,0,8,4,2434,2049,,,0.397,0.318,0.556,54.2,56.1,,5,0.518,15.8,,0.286,,845,1840,0.459,217,585,0.371,527,731,0.721,449,1177,474,276,83,411,600
317,Wichita State,32,21,11,0.656,8.93,2.61,12,6,11,5,7,4,2297,2076,,,0.394,0.344,0.566,54,66.9,,4.2,0.526,19.2,,0.292,1290,791,1709,0.463,216,588,0.367,499,674,0.74,336,1207,529,179,77,481,615
318,William & Mary,28,7,21,0.25,-5.76,-0.76,4,14,5,7,1,13,2007,2147,,,0.395,0.346,0.526,51.8,63.6,,3.4,0.488,18.7,,0.275,1130,695,1605,0.433,175,556,0.315,442,634,0.697,359,1033,442,173,57,439,547
319,Winthrop,28,16,12,0.571,-6.28,-6.62,10,6,10,4,5,7,1856,1782,,,0.37,0.32,0.522,51.8,55.4,,9,0.485,18.4,,0.258,1125,655,1512,0.433,156,484,0.322,390,560,0.696,347,953,363,246,124,401,538
320,Wisconsin NCAA,32,25,7,0.781,18.96,7.49,12,4,15,0,5,6,2190,1823,,,0.405,0.334,0.544,52,56.4,,5.6,0.503,13.7,,0.292,1290,754,1687,0.447,190,564,0.337,492,684,0.719,347,1049,425,220,90,320,493
321,Wofford,29,9,20,0.31,-12.31,-1.92,4,12,6,6,2,13,2118,2266,,,0.341,0.377,0.534,47.7,62,,6.4,0.516,21.1,,0.211,1175,765,1705,0.449,229,643,0.356,359,582,0.617,329,1007,474,238,112,529,602
322,Wright State,28,14,14,0.5,-2.1,-0.95,10,6,8,6,6,8,1857,1890,,,0.393,0.274,0.531,50.1,48.9,,1.9,0.492,16.9,,0.276,,657,1474,0.446,136,404,0.337,407,580,0.702,277,943,321,126,30,357,488
323,Wyoming,28,11,17,0.393,5.52,4.55,4,10,10,5,0,11,1959,1932,,,0.395,0.319,0.526,51.5,47.6,,6.2,0.491,18.3,,0.266,1125,687,1569,0.438,168,501,0.335,417,619,0.674,350,1028,327,161,99,418,544
324,Xavier NCAA,37,26,11,0.703,13.84,5.84,10,6,13,3,6,6,2635,2339,,,0.378,0.367,0.543,51.6,54.4,,4.2,0.51,15.9,,0.26,1485,908,2058,0.441,284,756,0.376,535,777,0.689,439,1327,494,252,87,459,619
325,Yale,27,12,15,0.444,-4.05,-2.51,7,7,7,4,3,10,1788,1798,,,0.322,0.295,0.544,50.3,60.8,,6.8,0.519,19.9,,0.215,1100,668,1426,0.468,145,420,0.345,307,459,0.669,255,882,406,184,98,408,490
326,Youngstown State,28,8,20,0.286,-6.67,0.37,4,12,7,6,1,14,1876,2029,,,0.433,0.243,0.52,48.7,57.4,,5.3,0.48,20.4,,0.294,,655,1497,0.438,126,364,0.346,440,648,0.679,323,920,376,218,80,462,613